24.00,62.00,24.00,61.00,24.57,57.34,23.17,60.44,1037.55,1037.55
24.00,62.00,24.00,61.50,24.54,57.27,23.12,60.24,1037.55,1037.55
24.00,62.00,24.00,61.30,24.56,57.25,23.11,60.21,1037.55,1037.55
24.00,62.00,23.90,61.10,24.54,57.26,23.11,60.15,1037.55,1037.55
24.00,62.00,24.00,61.20,24.54,57.22,23.09,60.09,1037.55,1037.55
24.00,62.00,24.00,61.10,24.53,57.18,23.12,60.09,1037.55,1037.55
24.00,62.00,23.90,61.00,24.57,57.22,23.15,60.03,1037.55,1037.55
24.00,62.00,23.90,61.00,24.58,57.19,23.17,59.98,1037.55,1037.55
24.00,62.00,24.00,61.10,24.58,57.18,23.21,59.98,1037.55,1037.55
24.00,62.00,23.90,61.00,24.58,57.23,23.24,59.93,1037.55,1037.55
24.00,62.00,23.90,61.00,24.56,57.90,23.27,60.88,1037.55,1037.55
24.00,62.00,24.00,62.10,24.57,58.70,23.32,61.13,1037.55,1037.55
24.00,62.00,24.00,62.40,24.56,58.34,23.28,60.45,1037.55,1037.55
24.00,62.00,24.00,62.00,24.54,57.85,23.24,60.17,1037.55,1037.55
24.00,62.00,24.00,61.70,24.56,57.63,23.25,60.11,1037.55,1037.55
24.00,62.00,24.00,61.60,24.54,57.52,23.27,59.96,1037.55,1037.55
24.00,62.00,24.00,61.50,24.56,57.47,23.29,59.90,1037.55,1037.55
24.00,62.00,24.00,61.40,24.56,57.37,23.31,59.75,1037.55,1037.55
24.00,62.00,23.90,61.30,24.54,57.31,23.34,59.67,1037.55,1037.55
24.00,62.00,23.90,61.20,24.56,57.31,23.38,59.58,1037.55,1037.55
24.00,62.00,24.00,61.30,24.56,57.25,23.42,59.46,1037.55,1037.55
24.00,62.00,24.00,61.20,24.57,57.27,23.42,59.37,1037.55,1037.55
24.00,62.00,24.00,61.20,24.57,57.24,23.42,59.31,1037.55,1037.55
24.00,62.00,24.00,61.10,24.57,57.24,23.46,59.28,1037.55,1037.55
24.00,62.00,24.00,61.10,24.61,57.22,23.45,59.16,1037.55,1037.55
24.00,62.00,24.00,61.10,24.58,57.19,23.48,59.13,1037.55,1037.55
24.00,62.00,24.00,61.00,24.60,57.16,23.49,59.01,1037.55,1037.55
24.00,62.00,24.00,61.00,24.60,57.09,23.49,58.92,1037.55,1037.55
24.00,62.00,24.00,60.90,24.57,57.07,23.46,58.88,1037.55,1037.55
24.00,62.00,24.00,60.90,24.60,57.05,23.41,58.91,1037.55,1037.55
24.00,62.00,24.00,60.80,24.58,57.11,23.42,59.09,1037.55,1037.55
24.00,62.00,24.00,60.90,24.58,57.02,23.37,59.05,1037.55,1037.55
24.00,62.00,24.00,60.70,24.57,56.99,23.31,59.08,1037.55,1037.55
24.00,62.00,24.00,60.70,24.57,57.05,23.30,59.35,1037.55,1037.55
24.00,62.00,24.00,60.70,24.57,57.18,23.30,59.51,1037.55,1037.55
24.00,62.00,24.00,60.80,24.56,57.21,23.30,59.51,1037.55,1037.55
24.00,62.00,24.00,60.80,24.57,57.16,23.36,59.45,1037.55,1037.55
24.00,62.00,24.00,60.80,24.57,57.18,23.40,59.40,1037.55,1037.55
24.00,62.00,24.00,60.80,24.58,57.19,23.46,59.35,1037.55,1037.55
24.00,62.00,24.00,60.90,24.57,57.23,23.47,59.29,1037.55,1037.55
24.00,62.00,24.00,60.90,24.58,57.20,23.54,59.17,1037.55,1037.55
24.00,62.00,24.00,60.90,24.60,57.18,23.56,58.99,1037.55,1037.55
24.00,62.00,24.00,60.80,24.58,57.08,23.55,58.84,1037.55,1037.55
24.00,62.00,24.00,60.80,24.61,57.04,23.56,58.81,1037.55,1037.55
24.00,62.00,24.00,60.80,24.61,57.03,23.59,58.75,1037.55,1037.55
24.00,62.00,24.00,60.80,24.60,57.06,23.59,58.69,1037.55,1037.55
24.00,62.00,24.00,60.80,24.58,56.95,23.59,58.56,1037.55,1037.55
24.00,62.00,24.00,60.70,24.61,56.90,23.58,58.50,1037.55,1037.55
24.00,62.00,24.00,60.60,24.60,56.88,23.58,58.44,1037.55,1037.55
24.00,62.00,24.00,60.60,24.58,56.93,23.58,58.47,1037.55,1037.55
24.00,62.00,24.00,60.60,24.63,56.98,23.56,58.50,1037.55,1037.55
24.00,62.00,24.00,60.60,24.61,56.93,23.58,58.50,1037.55,1037.55
24.00,62.00,24.00,60.50,24.61,56.95,23.60,58.50,1037.55,1037.55
24.00,62.00,24.00,60.50,24.63,56.90,23.65,58.39,1037.55,1037.55
24.00,62.00,24.00,60.50,24.64,56.88,23.70,58.15,1037.55,1037.55
24.00,62.00,24.00,60.40,24.63,56.76,23.68,57.99,1037.55,1037.55
24.00,62.00,24.00,60.40,24.65,56.69,23.67,58.02,1037.55,1037.55
24.00,62.00,24.00,60.40,24.64,56.77,23.66,58.08,1037.55,1037.55
24.00,62.00,24.00,60.40,24.68,56.73,23.64,58.11,1037.55,1037.55
24.00,62.00,24.00,60.30,24.67,56.75,23.60,58.07,1037.55,1037.55
24.00,62.00,24.00,60.30,24.63,56.69,23.62,58.11,1037.55,1037.55
24.00,62.00,24.10,60.30,24.67,56.65,23.68,58.08,1037.55,1037.55
24.00,62.00,24.10,60.30,24.65,56.66,23.69,58.06,1037.55,1037.55
24.00,62.00,24.10,60.30,24.67,56.67,23.74,58.03,1037.55,1037.55
24.00,62.00,24.10,60.30,24.68,56.68,23.74,57.97,1037.55,1037.55
24.00,62.00,24.10,60.30,24.67,56.68,23.68,57.96,1037.55,1037.55
24.00,62.00,24.10,60.30,24.67,56.68,23.71,58.15,1037.55,1037.55
24.00,62.00,24.10,60.30,24.67,56.72,23.74,58.16,1037.55,1037.55
24.00,62.00,24.10,60.40,24.65,56.63,23.70,57.96,1037.55,1037.55
24.00,62.00,24.10,60.30,24.67,56.61,23.67,57.93,1037.55,1037.55
24.00,62.00,24.10,60.20,24.64,56.53,23.67,57.96,1037.55,1037.55
24.00,62.00,24.10,60.10,24.65,56.52,23.68,58.02,1037.55,1037.55
24.00,62.00,24.10,60.10,24.70,56.56,23.71,58.00,1037.55,1037.55
24.00,62.00,24.10,60.10,24.67,56.62,23.72,57.97,1037.55,1037.55
24.00,62.00,24.10,60.10,24.67,56.60,23.67,57.93,1037.55,1037.55
24.00,62.00,24.10,60.00,24.65,56.60,23.65,58.02,1037.55,1037.55
24.00,62.00,24.10,60.00,24.68,56.60,23.70,57.99,1037.55,1037.55
24.00,62.00,24.10,60.00,24.68,56.57,23.68,57.87,1037.55,1037.55
24.00,62.00,24.10,60.00,24.68,56.47,23.70,57.87,1037.55,1037.55
24.00,62.00,24.10,59.90,24.70,56.46,23.71,57.81,1037.55,1037.55
24.00,62.00,24.10,59.90,24.70,56.45,23.71,57.75,1037.55,1037.55
24.00,62.00,24.10,59.90,24.68,56.44,23.74,57.78,1037.55,1037.55
24.00,62.00,24.10,59.90,24.68,56.46,23.76,57.76,1037.55,1037.55
24.00,62.00,24.10,59.90,24.68,56.50,23.76,57.73,1037.55,1037.55
24.00,62.00,24.10,59.90,24.70,56.54,23.74,57.82,1037.55,1037.55
24.00,62.00,24.10,59.90,24.72,56.54,23.78,57.79,1037.55,1037.55
24.00,62.00,24.10,59.90,24.71,56.53,23.81,57.83,1037.55,1037.55
24.00,62.00,24.10,59.90,24.70,56.56,23.80,57.73,1037.55,1037.55
24.00,62.00,24.10,59.90,24.71,56.51,23.81,57.61,1037.55,1037.55
24.00,62.00,24.10,59.90,24.74,56.49,23.80,57.58,1037.55,1037.55
24.00,62.00,24.10,59.90,24.72,56.51,23.76,57.66,1037.55,1037.55
24.00,62.00,24.10,59.80,24.70,56.51,23.79,57.64,1037.55,1037.55
24.00,62.00,24.10,59.80,24.72,56.51,23.85,57.62,1037.55,1037.55
24.00,62.00,24.10,59.80,24.71,56.46,23.89,57.50,1037.55,1037.55
24.00,61.00,24.10,59.80,24.74,56.52,23.91,57.50,1037.55,1037.55
24.00,61.00,24.10,59.80,24.72,56.48,23.88,57.40,1037.55,1037.55
24.00,61.00,24.20,59.90,24.77,56.51,23.84,57.40,1037.55,1037.55
24.00,61.00,24.10,59.70,24.75,56.46,23.78,57.42,1037.55,1037.55
24.00,61.00,24.10,59.70,24.75,56.39,23.75,57.51,1037.55,1037.55
24.00,61.00,24.20,59.70,24.74,56.32,23.74,57.60,1037.55,1037.55
24.00,61.00,24.20,59.70,24.74,56.36,23.76,57.63,1037.55,1037.55
24.00,61.00,24.20,59.70,24.72,56.35,23.70,57.59,1037.55,1037.55
24.00,61.00,24.20,59.70,24.72,56.30,23.65,57.68,1037.55,1037.55
24.00,61.00,24.20,59.60,24.72,56.27,23.65,57.80,1037.55,1037.55
24.00,61.00,24.20,59.60,24.71,56.30,23.67,57.87,1037.55,1037.55
24.00,61.00,24.20,59.60,24.72,56.29,23.68,57.84,1037.55,1037.55
24.00,61.00,24.20,59.60,24.72,56.33,23.64,57.89,1037.55,1037.55
24.00,61.00,24.20,59.60,24.74,56.33,23.60,57.95,1037.55,1037.55
24.00,61.00,24.20,59.60,24.74,56.30,23.60,58.01,1037.55,1037.55
24.00,61.00,24.20,59.60,24.75,56.27,23.58,58.07,1037.55,1037.55
24.00,61.00,24.20,59.60,24.74,56.30,23.58,58.07,1037.55,1037.55
24.00,61.00,24.20,59.60,24.71,56.29,23.61,58.07,1037.55,1037.55
24.00,61.00,24.20,59.60,24.72,56.22,23.62,58.04,1037.55,1037.55
24.00,61.00,24.20,59.50,24.70,56.25,23.64,57.99,1037.55,1037.55
24.00,61.00,24.20,59.50,24.72,56.30,23.61,57.95,1037.55,1037.55
24.00,61.00,24.20,59.50,24.71,56.30,23.58,57.95,1037.55,1037.55
24.00,61.00,24.20,59.50,24.70,56.32,23.58,58.19,1037.55,1037.55
24.00,61.00,24.20,59.50,24.72,56.53,23.56,58.41,1037.55,1037.55
24.00,61.00,24.20,59.70,24.70,56.54,23.56,58.31,1037.55,1037.55
24.00,61.00,24.20,59.70,24.70,56.49,23.55,58.22,1037.55,1037.55
24.00,61.00,24.20,59.60,24.72,56.42,23.55,58.22,1037.55,1037.55
24.00,61.00,24.20,59.60,24.72,56.38,23.56,58.28,1037.55,1037.55
24.00,61.00,24.20,59.60,24.72,56.37,23.51,58.27,1037.55,1037.55
24.00,61.00,24.20,59.60,24.72,56.37,23.48,58.36,1037.55,1037.55
24.00,61.00,24.20,59.60,24.75,56.37,23.45,58.48,1037.55,1037.55
24.00,61.00,24.20,59.60,24.74,56.37,23.42,58.60,1037.55,1037.55
24.00,61.00,24.20,59.60,24.74,56.35,23.45,58.73,1037.55,1037.55
24.00,61.00,24.20,59.60,24.74,56.43,23.51,58.77,1037.55,1037.55
24.00,61.00,24.20,59.60,24.74,56.49,23.58,58.53,1037.55,1037.55
24.00,61.00,24.20,59.60,24.74,56.44,23.60,58.38,1037.55,1037.55
24.00,61.00,24.20,59.70,24.77,56.36,23.62,58.23,1037.55,1037.55
24.00,61.00,24.20,59.60,24.75,56.29,23.65,58.08,1037.55,1037.55
24.00,61.00,24.20,59.60,24.77,56.25,23.72,57.94,1037.55,1037.55
24.00,61.00,24.20,59.60,24.77,56.18,23.73,57.84,1037.55,1037.55
24.00,61.00,24.20,59.60,24.77,56.21,23.74,57.78,1037.55,1037.55
24.00,61.00,24.20,59.60,24.78,56.20,23.74,57.72,1037.55,1037.55
24.00,61.00,24.20,59.50,24.78,56.16,23.77,57.70,1037.55,1037.55
24.00,61.00,24.20,59.60,24.77,56.20,23.79,57.64,1037.55,1037.55
24.00,61.00,24.20,59.60,24.79,56.18,23.80,57.58,1037.55,1037.55
24.00,61.00,24.20,59.60,24.78,56.23,23.78,57.51,1037.55,1037.55
24.00,61.00,24.20,59.60,24.78,56.20,23.83,57.46,1037.55,1037.55
24.00,61.00,24.20,59.50,24.78,56.16,23.86,57.40,1037.55,1037.55
24.00,61.00,24.20,59.60,24.79,56.16,23.89,57.34,1037.55,1037.55
24.00,61.00,24.20,59.50,24.79,56.12,23.87,57.25,1037.55,1037.55
24.00,61.00,24.20,59.50,24.79,56.13,23.89,57.22,1037.55,1037.55
24.00,61.00,24.20,59.50,24.77,56.10,23.86,57.18,1037.55,1037.55
24.00,61.00,24.10,59.40,24.75,56.12,23.83,57.30,1037.55,1037.55
24.00,61.00,24.20,59.50,24.75,56.16,23.83,57.36,1037.55,1037.55
24.00,61.00,24.20,59.50,24.77,56.15,23.81,57.33,1037.55,1037.55
24.00,61.00,24.20,59.50,24.75,56.20,23.75,57.41,1037.55,1037.55
24.00,61.00,24.20,59.50,24.78,56.16,23.72,57.53,1037.55,1037.55
24.00,61.00,24.20,59.50,24.77,56.28,23.73,57.78,1037.55,1037.55
24.00,61.00,24.20,59.50,24.79,56.31,23.72,57.78,1037.55,1037.55
24.00,61.00,24.20,59.50,24.77,56.30,23.74,57.75,1037.55,1037.55
24.00,61.00,24.20,59.50,24.78,56.26,23.72,57.75,1037.55,1037.55
24.00,61.00,24.20,59.50,24.79,56.25,23.73,57.78,1037.55,1037.55
24.00,61.00,24.20,59.50,24.79,56.22,23.76,57.79,1037.55,1037.55
24.00,61.00,24.20,59.50,24.79,56.20,23.78,57.67,1037.55,1037.55
24.00,61.00,24.20,59.50,24.78,56.23,23.80,57.61,1037.55,1037.55
24.00,61.00,24.20,59.50,24.79,56.22,23.83,57.55,1037.55,1037.55
24.00,61.00,24.20,59.40,24.78,56.19,23.85,57.43,1037.55,1037.55
24.00,61.00,24.20,59.40,24.79,56.18,23.88,57.31,1037.55,1037.55
24.00,61.00,24.20,59.40,24.81,56.15,23.80,57.30,1037.55,1037.55
24.00,61.00,24.20,59.30,24.78,56.10,23.80,57.33,1037.55,1037.55
24.00,61.00,24.20,59.30,24.79,56.08,23.80,57.33,1037.55,1037.55
24.00,61.00,24.20,59.30,24.81,56.06,23.86,57.31,1037.55,1037.55
24.00,61.00,24.30,59.30,25.48,62.59,23.91,58.74,1037.55,1037.55
24.00,62.00,24.30,91.50,27.44,83.01,24.06,62.38,1037.55,1037.55
25.00,69.00,25.00,99.90,26.69,90.30,24.13,62.42,1037.55,1037.55
25.00,72.00,25.10,99.90,27.05,93.28,24.29,65.21,1037.55,1037.55
25.00,77.00,25.60,99.90,27.31,94.47,24.56,72.01,1037.55,1037.55
25.00,79.00,25.50,99.90,27.16,95.02,24.48,67.65,1037.55,1037.55
25.00,82.00,25.60,99.90,26.84,95.27,24.48,63.76,1037.55,1037.55
25.00,82.00,25.50,99.90,26.57,95.42,24.48,63.21,1037.55,1037.55
25.00,82.00,25.30,99.90,26.34,95.49,24.49,61.47,1037.55,1037.55
25.00,82.00,25.20,99.90,26.10,95.26,24.44,60.58,1037.55,1037.55
25.00,82.00,25.10,99.90,26.26,95.18,24.48,62.85,1037.55,1037.55
25.00,82.00,25.00,99.90,26.52,95.82,24.74,70.66,1037.55,1037.55
25.00,82.00,25.10,99.90,26.33,95.95,24.82,71.38,1037.55,1037.55
25.00,84.00,25.20,99.90,26.26,95.72,24.88,70.27,1037.55,1037.55
25.00,87.00,25.30,99.90,26.22,95.54,24.90,66.95,1037.55,1037.55
25.00,87.00,25.30,99.90,26.07,94.76,24.99,67.32,1037.55,1037.55
25.00,87.00,25.30,99.90,25.96,93.88,24.92,62.77,1037.55,1037.55
25.00,87.00,25.20,99.90,25.87,92.67,24.83,59.03,1037.55,1037.55
25.00,87.00,25.00,99.90,25.74,90.94,24.72,57.37,1037.55,1037.55
25.00,84.00,24.90,99.90,25.61,88.46,24.58,56.33,1037.55,1037.55
25.00,84.00,24.80,99.90,25.56,85.67,24.48,56.03,1037.55,1037.55
25.00,82.00,24.70,99.90,25.45,81.41,24.41,55.93,1037.55,1037.55
25.00,81.00,24.60,99.90,25.37,77.89,24.37,56.23,1037.55,1037.55
25.00,79.00,24.70,99.90,25.34,76.13,24.35,56.76,1037.55,1037.55
25.00,78.00,24.70,99.90,25.30,74.97,24.39,56.64,1037.55,1037.55
25.00,76.00,24.70,99.90,25.25,71.95,24.38,56.51,1037.55,1037.55
25.00,75.00,24.70,99.90,25.16,66.61,24.25,56.25,1037.55,1037.55
25.00,74.00,24.80,96.20,25.12,64.01,24.22,56.37,1037.55,1037.55
25.00,73.00,24.80,92.30,25.09,62.96,24.15,56.33,1037.55,1037.55
25.00,73.00,24.80,88.70,25.09,61.87,24.07,56.47,1037.55,1037.55
25.00,72.00,24.90,84.10,25.05,61.00,23.98,56.64,1037.55,1037.55
25.00,71.00,24.80,78.70,25.03,59.99,23.97,56.98,1037.55,1037.55
25.00,70.00,24.90,76.40,25.06,60.41,23.93,57.04,1037.55,1037.55
25.00,70.00,24.80,73.10,25.02,60.99,23.86,57.09,1037.55,1037.55
25.00,69.00,24.90,70.60,25.02,61.21,23.86,57.31,1037.55,1037.55
25.00,68.00,24.80,69.50,25.02,60.79,23.79,57.42,1037.55,1037.55
25.00,67.00,24.80,68.00,25.02,61.52,23.78,57.51,1037.55,1037.55
25.00,66.00,24.80,66.70,25.02,60.86,23.79,57.51,1037.55,1037.55
25.00,65.00,24.80,65.70,25.01,60.47,23.82,57.80,1037.55,1037.55
25.00,65.00,24.80,65.40,25.01,60.46,23.84,57.80,1037.55,1037.55
25.00,64.00,24.80,65.00,25.02,60.14,23.86,57.62,1037.55,1037.55
25.00,64.00,24.80,64.40,25.03,59.87,23.84,57.49,1037.55,1037.55
25.00,63.00,24.80,63.80,25.05,59.43,23.83,57.43,1037.55,1037.55
25.00,63.00,24.70,63.30,25.02,58.72,23.83,57.55,1037.55,1037.55
25.00,63.00,24.70,62.70,25.05,58.16,23.87,57.68,1037.55,1037.55
25.00,63.00,24.70,62.50,25.03,58.33,23.97,57.73,1037.55,1037.55
25.00,63.00,24.70,62.40,25.03,57.68,23.97,57.39,1037.55,1037.55
25.00,63.00,24.70,61.80,25.03,57.28,23.85,57.24,1037.55,1037.55
25.00,62.00,24.70,61.50,25.03,57.14,23.80,57.33,1037.55,1037.55
25.00,62.00,24.70,61.20,25.05,57.44,23.78,57.45,1037.55,1037.55
25.00,62.00,24.60,60.90,25.03,57.75,23.78,57.54,1037.55,1037.55
25.00,62.00,24.60,60.70,25.02,57.80,23.76,57.66,1037.55,1037.55
25.00,61.00,24.70,60.80,25.05,57.72,23.75,57.76,1037.55,1037.55
25.00,61.00,24.60,60.60,25.05,57.67,23.73,57.78,1037.55,1037.55
25.00,61.00,24.60,60.60,25.05,57.54,23.75,57.79,1037.55,1037.55
25.00,61.00,24.60,60.60,25.05,57.25,23.76,57.82,1037.55,1037.55
25.00,61.00,24.60,60.60,25.01,56.90,23.72,57.78,1037.55,1037.55
25.00,61.00,24.60,60.50,25.02,56.49,23.70,57.84,1037.55,1037.55
25.00,61.00,24.60,60.30,25.02,56.40,23.68,57.90,1037.55,1037.55
24.00,62.00,24.60,60.20,24.99,56.49,23.69,57.96,1037.55,1037.55
25.00,61.00,24.60,60.30,25.01,56.74,23.69,57.93,1037.55,1037.55
25.00,61.00,24.60,60.40,25.02,56.90,23.70,57.96,1037.55,1037.55
25.00,61.00,24.60,60.30,25.02,56.94,23.68,57.90,1037.55,1037.55
25.00,61.00,24.60,60.20,25.03,56.89,23.68,57.90,1037.55,1037.55
25.00,61.00,24.60,60.20,25.01,56.93,23.68,57.93,1037.55,1037.55
24.00,62.00,24.50,60.10,25.03,56.94,23.68,57.96,1037.55,1037.55
25.00,61.00,24.50,60.10,25.05,56.91,23.69,57.96,1037.55,1037.55
24.00,62.00,24.50,60.00,25.01,56.87,23.68,57.99,1037.55,1037.55
24.00,62.00,24.50,60.00,25.02,56.74,23.71,58.00,1037.55,1037.55
24.00,62.00,24.50,60.00,25.01,56.74,23.76,57.94,1037.55,1037.55
24.00,62.00,24.50,60.10,25.02,56.68,23.77,57.85,1037.55,1037.55
24.00,62.00,24.50,60.20,25.02,56.68,23.78,57.79,1037.55,1037.55
24.00,62.00,24.50,60.20,25.05,56.49,23.80,57.70,1037.55,1037.55
24.00,62.00,24.50,60.30,25.01,56.33,23.81,57.64,1037.55,1037.55
24.00,62.00,24.50,60.20,25.02,56.26,23.77,57.57,1037.55,1037.55
24.00,62.00,24.50,60.10,24.98,56.12,23.69,57.62,1037.55,1037.55
24.00,62.00,24.50,59.90,25.01,56.17,23.65,57.71,1037.55,1037.55
24.00,62.00,24.50,59.90,25.01,56.34,23.74,58.37,1037.55,1037.55
24.00,62.00,24.50,72.00,25.13,69.00,23.78,61.85,1037.55,1037.55
25.00,66.00,24.70,86.10,25.13,69.02,23.74,60.28,1037.55,1037.55
25.00,66.00,24.50,82.60,25.13,65.06,23.78,59.09,1037.55,1037.55
24.00,66.00,24.50,74.90,25.12,61.86,23.82,58.45,1037.55,1037.55
24.00,66.00,24.50,71.10,25.10,59.67,23.87,58.05,1037.55,1037.55
24.00,65.00,24.40,68.70,25.12,58.31,23.88,57.74,1037.55,1037.55
24.00,65.00,24.50,67.00,25.09,57.38,23.92,57.50,1037.55,1037.55
24.00,64.00,24.50,65.40,25.10,57.02,23.92,57.38,1037.55,1037.55
24.00,64.00,24.50,64.30,25.12,56.67,23.94,57.32,1037.55,1037.55
24.00,64.00,24.40,63.50,25.10,56.54,23.97,57.23,1037.55,1037.55
24.00,64.00,24.50,62.90,25.10,56.57,23.98,57.14,1037.55,1037.55
24.00,64.00,24.50,62.40,25.09,56.57,23.96,57.14,1037.55,1037.55
24.00,63.00,24.40,61.70,25.06,56.27,23.92,57.10,1037.55,1037.55
24.00,63.00,24.50,61.40,25.08,56.36,23.92,57.19,1037.55,1037.55
24.00,63.00,24.40,61.10,25.06,56.19,23.96,57.20,1037.55,1037.55
24.00,63.00,24.50,61.00,25.05,56.19,23.97,57.23,1037.55,1037.55
24.00,62.00,24.40,60.80,25.05,56.38,23.94,57.32,1037.55,1037.55
24.00,62.00,24.50,60.80,25.06,56.53,23.92,57.29,1037.55,1037.55
24.00,62.00,24.50,60.70,25.06,56.59,23.85,57.21,1037.55,1037.55
24.00,62.00,24.40,60.40,25.06,56.57,23.82,57.30,1037.55,1037.55
24.00,62.00,24.40,60.30,25.03,56.44,23.80,57.39,1037.55,1037.55
24.00,62.00,24.40,60.20,25.05,56.52,23.79,57.45,1037.55,1037.55
24.00,62.00,24.40,60.20,25.03,56.56,23.75,57.54,1037.55,1037.55
24.00,62.00,24.40,60.20,25.02,56.49,23.73,57.63,1037.55,1037.55
24.00,62.00,24.40,60.10,25.02,56.25,23.70,57.69,1037.55,1037.55
24.00,62.00,24.40,60.10,25.01,56.13,23.65,57.71,1037.55,1037.55
24.00,62.00,24.40,60.00,24.95,55.99,23.56,57.85,1037.55,1037.55
24.00,62.00,24.40,59.90,24.97,56.03,23.54,58.06,1037.55,1037.55
24.00,62.00,24.40,59.90,24.97,56.07,23.53,58.22,1037.55,1037.55
24.00,62.00,24.30,59.90,24.95,56.33,23.50,58.27,1037.55,1037.55
24.00,62.00,24.40,60.00,24.91,56.19,23.45,58.33,1037.55,1037.55
24.00,62.00,24.30,59.90,24.92,56.18,23.44,58.48,1037.55,1037.55
24.00,62.00,24.40,60.00,24.89,56.25,23.46,58.58,1037.55,1037.55
24.00,62.00,24.40,60.10,24.88,56.28,23.46,58.64,1037.55,1037.55
24.00,62.00,24.30,60.00,24.91,56.41,23.49,58.70,1037.55,1037.55
24.00,62.00,24.30,60.10,24.91,56.41,23.55,58.65,1037.55,1037.55
24.00,62.00,24.30,60.20,24.91,56.57,23.58,58.53,1037.55,1037.55
24.00,62.00,24.30,60.20,24.92,56.42,23.59,58.38,1037.55,1037.55
24.00,62.00,24.30,60.20,24.92,56.48,23.60,58.29,1037.55,1037.55
24.00,62.00,24.30,60.10,24.92,56.51,23.63,58.23,1037.55,1037.55
24.00,62.00,24.30,60.10,24.94,56.50,23.65,58.17,1037.55,1037.55
24.00,62.00,24.30,60.10,24.94,56.47,23.66,58.14,1037.55,1037.55
24.00,62.00,24.30,60.20,24.94,56.46,23.65,58.05,1037.55,1037.55
24.00,62.00,24.30,60.20,24.94,56.50,23.65,57.99,1037.55,1037.55
24.00,62.00,24.30,60.10,24.94,56.46,23.64,57.99,1037.55,1037.55
24.00,62.00,24.30,60.10,24.95,56.51,23.64,58.02,1037.55,1037.55
24.00,62.00,24.30,60.10,24.97,56.45,23.64,57.99,1037.55,1037.55
24.00,62.00,24.30,60.00,24.92,56.30,23.65,57.99,1037.55,1037.55
24.00,62.00,24.30,60.00,24.94,56.26,23.66,57.99,1037.55,1037.55
24.00,62.00,24.30,60.00,24.92,56.22,23.62,57.95,1037.55,1037.55
24.00,62.00,24.30,59.90,24.92,56.22,23.61,58.04,1037.55,1037.55
24.00,62.00,24.30,60.00,24.92,56.26,23.66,58.14,1037.55,1037.55
24.00,62.00,24.30,60.00,24.92,56.31,23.67,58.08,1037.55,1037.55
24.00,62.00,24.30,60.10,24.94,56.33,23.68,58.05,1037.55,1037.55
24.00,62.00,24.30,60.10,24.94,56.28,23.71,58.03,1037.55,1037.55
24.00,62.00,24.30,60.10,24.94,56.31,23.78,57.95,1037.55,1037.55
24.00,62.00,24.30,60.10,24.91,56.33,23.80,57.82,1037.55,1037.55
24.00,62.00,24.30,60.10,24.94,56.31,23.78,57.70,1037.55,1037.55
24.00,62.00,24.30,60.10,24.91,56.21,23.76,57.66,1037.55,1037.55
24.00,62.00,24.30,60.00,24.92,56.17,23.77,57.73,1037.55,1037.55
24.00,62.00,24.30,60.10,24.92,56.25,23.77,57.73,1037.55,1037.55
24.00,62.00,24.30,60.10,24.94,56.19,23.76,57.73,1037.55,1037.55
24.00,62.00,24.30,60.10,24.94,56.19,23.78,57.73,1037.55,1037.55
24.00,62.00,24.30,60.10,24.91,56.16,23.78,57.70,1037.55,1037.55
24.00,62.00,24.30,60.00,24.91,56.17,23.79,57.67,1037.55,1037.55
24.00,62.00,24.30,60.00,24.91,56.19,23.77,57.67,1037.55,1037.55
24.00,62.00,24.30,60.00,24.92,56.14,23.77,57.73,1037.55,1037.55
24.00,62.00,24.30,60.00,24.92,56.21,23.78,57.73,1037.55,1037.55
24.00,62.00,24.30,60.00,24.92,56.18,23.80,57.73,1037.55,1037.55
24.00,62.00,24.30,60.00,24.91,56.23,23.79,57.70,1037.55,1037.55
24.00,62.00,24.30,60.00,24.91,56.27,23.80,57.67,1037.55,1037.55
24.00,62.00,24.30,60.00,24.89,56.22,23.80,57.67,1037.55,1037.55
24.00,62.00,24.30,60.00,24.91,56.27,23.79,57.67,1037.55,1037.55
24.00,62.00,24.30,60.00,24.91,56.31,23.82,57.67,1037.55,1037.55
24.00,62.00,24.30,60.00,24.89,56.32,23.82,57.67,1037.55,1037.55
24.00,62.00,24.30,60.00,24.91,56.33,23.82,57.64,1037.55,1037.55
24.00,62.00,24.30,60.00,24.91,56.29,23.80,57.61,1037.55,1037.55
24.00,62.00,24.30,60.00,24.89,56.24,23.81,57.61,1037.55,1037.55
24.00,62.00,24.30,60.00,24.91,56.24,23.81,57.64,1037.55,1037.55
24.00,62.00,24.30,60.00,24.91,56.27,23.85,57.65,1037.55,1037.55
24.00,62.00,24.30,60.00,24.91,56.36,23.89,57.53,1037.55,1037.55
24.00,62.00,24.30,60.00,24.91,56.28,23.85,57.43,1037.55,1037.55
24.00,62.00,24.30,60.00,24.89,56.10,23.79,57.39,1037.55,1037.55
24.00,62.00,24.30,59.90,24.91,56.14,23.77,57.51,1037.55,1037.55
24.00,62.00,24.30,59.80,24.91,56.14,23.78,57.60,1037.55,1037.55
24.00,62.00,24.30,59.90,24.89,56.22,23.79,57.58,1037.55,1037.55
24.00,62.00,24.30,59.90,24.91,56.19,23.86,57.62,1037.55,1037.55
24.00,61.00,24.30,59.90,24.89,56.23,23.84,57.46,1037.55,1037.55
24.00,61.00,24.30,59.80,24.88,56.10,23.81,57.42,1037.55,1037.55
24.00,61.00,24.30,59.80,24.88,56.12,23.76,57.54,1037.55,1037.55
24.00,61.00,24.30,59.70,24.88,56.19,23.73,57.66,1037.55,1037.55
24.00,61.00,24.30,59.70,24.88,56.17,23.73,57.72,1037.55,1037.55
24.00,61.00,24.30,59.80,24.86,56.20,23.72,57.75,1037.55,1037.55
24.00,61.00,24.30,59.70,24.88,56.19,23.70,57.81,1037.55,1037.55
24.00,61.00,24.30,59.70,24.88,56.26,23.69,57.87,1037.55,1037.55
24.00,61.00,24.30,59.70,24.85,56.23,23.69,57.93,1037.55,1037.55
24.00,61.00,24.30,59.80,24.85,56.34,23.72,57.97,1037.55,1037.55
24.00,61.00,24.30,59.90,24.89,56.33,23.72,57.94,1037.55,1037.55
24.00,61.00,24.30,59.90,24.85,56.37,23.73,57.91,1037.55,1037.55
25.00,60.00,24.30,59.90,24.88,56.27,23.73,57.91,1037.55,1037.55
25.00,60.00,24.30,59.90,24.88,56.32,23.78,57.88,1037.55,1037.55
24.00,61.00,24.30,59.90,24.89,56.34,23.84,57.83,1037.55,1037.55
24.00,61.00,24.30,60.00,24.88,56.43,23.86,57.71,1037.55,1037.55
25.00,60.00,24.30,60.00,24.88,56.38,23.88,57.59,1037.55,1037.55
25.00,60.00,24.30,60.00,24.86,56.37,23.92,57.53,1037.55,1037.55
24.00,61.00,24.30,60.00,24.89,56.42,23.95,57.48,1037.55,1037.55
24.00,61.00,24.30,60.00,24.89,56.45,23.96,57.42,1037.55,1037.55
25.00,60.00,24.30,60.00,24.91,56.42,23.97,57.32,1037.55,1037.55
24.00,61.00,24.30,60.00,24.91,56.37,23.99,57.23,1037.55,1037.55
25.00,60.00,24.30,60.00,24.91,56.36,24.00,57.17,1037.55,1037.55
24.00,61.00,24.30,59.90,24.91,56.34,24.02,57.14,1037.55,1037.55
25.00,60.00,24.30,59.90,24.92,56.28,24.01,57.08,1037.55,1037.55
24.00,61.00,24.30,59.90,24.89,56.17,23.97,57.04,1037.55,1037.55
24.00,61.00,24.30,59.80,24.91,56.15,23.96,57.07,1037.55,1037.55
24.00,61.00,24.30,59.80,24.88,56.18,24.01,57.08,1037.55,1037.55
25.00,60.00,24.30,59.80,24.89,56.21,24.06,57.03,1037.55,1037.55
25.00,60.00,24.30,59.80,24.92,56.26,24.10,56.94,1037.55,1037.55
24.00,61.00,24.30,59.80,24.92,56.25,24.13,56.91,1037.55,1037.55
25.00,60.00,24.30,59.80,24.91,56.30,24.16,56.79,1037.55,1037.55
25.00,60.00,24.30,59.80,24.94,56.23,24.11,56.63,1037.55,1037.55
24.00,61.00,24.30,59.80,24.92,56.07,24.04,56.59,1037.55,1037.55
24.00,61.00,24.30,59.80,24.91,56.04,23.97,56.70,1037.55,1037.55
24.00,61.00,24.30,59.70,24.88,55.96,23.91,56.88,1037.55,1037.55
24.00,61.00,24.40,59.70,24.89,56.09,23.88,57.06,1037.55,1037.55
24.00,61.00,24.40,59.70,24.89,56.09,23.84,57.18,1037.55,1037.55
25.00,60.00,24.40,59.70,24.89,56.05,23.79,57.30,1037.55,1037.55
25.00,60.00,24.30,59.60,24.86,56.11,23.76,57.48,1037.55,1037.55
24.00,61.00,24.30,59.60,24.86,56.23,23.73,57.66,1037.55,1037.55
25.00,60.00,24.30,59.60,24.88,56.27,23.74,57.75,1037.55,1037.55
24.00,61.00,24.30,59.70,24.88,56.28,23.73,57.78,1037.55,1037.55
25.00,60.00,24.30,59.70,24.88,56.30,23.75,57.85,1037.55,1037.55
25.00,60.00,24.30,59.70,24.85,56.22,23.71,57.78,1037.55,1037.55
25.00,60.00,24.30,59.70,24.86,56.19,23.70,57.78,1037.55,1037.55
25.00,60.00,24.30,59.70,24.86,56.17,23.68,57.81,1037.55,1037.55
25.00,60.00,24.30,59.70,24.85,56.14,23.64,57.86,1037.55,1037.55
25.00,60.00,24.30,59.60,24.85,56.10,23.65,57.93,1037.55,1037.55
25.00,60.00,24.30,59.60,24.88,56.06,23.61,57.95,1037.55,1037.55
25.00,60.00,24.30,59.60,24.89,56.08,23.60,58.01,1037.55,1037.55
25.00,60.00,24.30,59.60,24.88,56.09,23.60,58.07,1037.55,1037.55
25.00,60.00,24.30,59.60,24.88,56.09,23.56,58.13,1037.55,1037.55
25.00,60.00,24.30,59.60,24.86,56.12,23.56,58.16,1037.55,1037.55
25.00,60.00,24.30,59.60,24.86,56.14,23.58,58.16,1037.55,1037.55
25.00,60.00,24.30,59.50,24.86,56.11,23.59,58.19,1037.55,1037.55
25.00,60.00,24.30,59.60,24.88,56.11,23.60,58.17,1037.55,1037.55
25.00,60.00,24.30,59.60,24.86,56.13,23.57,58.16,1037.55,1037.55
25.00,60.00,24.30,59.60,24.84,56.17,23.58,58.22,1037.55,1037.55
25.00,60.00,24.30,59.60,24.85,56.19,23.58,58.22,1037.55,1037.55
25.00,60.00,24.30,59.70,24.82,56.21,23.57,58.25,1037.55,1037.55
25.00,60.00,24.30,59.60,24.85,56.21,23.56,58.25,1037.55,1037.55
25.00,60.00,24.30,59.70,24.84,56.22,23.55,58.31,1037.55,1037.55
25.00,60.00,24.30,59.70,24.82,56.22,23.54,58.28,1037.55,1037.55
25.00,60.00,24.30,59.70,24.82,56.23,23.54,58.31,1037.55,1037.55
25.00,60.00,24.30,59.70,24.84,56.27,23.57,58.35,1037.55,1037.55
25.00,60.00,24.30,59.70,24.84,56.32,23.60,58.35,1037.55,1037.55
25.00,60.00,24.30,59.70,24.84,56.37,23.60,58.32,1037.55,1037.55
25.00,60.00,24.30,59.80,24.81,56.32,23.59,58.29,1037.55,1037.55
25.00,60.00,24.30,59.70,24.84,56.27,23.57,58.25,1037.55,1037.55
25.00,60.00,24.30,59.70,24.85,56.33,23.58,58.32,1037.55,1037.55
25.00,60.00,24.30,59.70,24.84,56.27,23.62,58.29,1037.55,1037.55
25.00,60.00,24.30,59.80,24.85,56.34,23.69,58.27,1037.55,1037.55
25.00,60.00,24.30,59.80,24.85,56.36,23.74,58.09,1037.55,1037.55
25.00,60.00,24.30,59.90,24.86,56.40,23.79,57.92,1037.55,1037.55
25.00,60.00,24.30,59.80,24.86,56.30,23.80,57.76,1037.55,1037.55
25.00,60.00,24.30,59.80,24.85,56.25,23.76,57.76,1037.55,1037.55
25.00,60.00,24.30,59.80,24.86,56.21,23.74,57.78,1037.55,1037.55
25.00,60.00,24.30,59.80,24.86,56.23,23.73,57.81,1037.55,1037.55
25.00,60.00,24.30,59.80,24.82,56.22,23.71,57.81,1037.55,1037.55
25.00,60.00,24.30,59.70,24.84,56.22,23.69,57.87,1037.55,1037.55
25.00,60.00,24.30,59.70,24.85,56.26,23.70,57.90,1037.55,1037.55
25.00,60.00,24.30,59.70,24.86,56.25,23.69,57.90,1037.55,1037.55
25.00,60.00,24.30,59.80,24.84,56.26,23.65,57.96,1037.55,1037.55
25.00,60.00,24.30,59.70,24.84,56.24,23.61,57.98,1037.55,1037.55
25.00,60.00,24.30,59.70,24.81,56.24,23.61,58.04,1037.55,1037.55
25.00,60.00,24.30,59.70,24.81,56.26,23.58,58.10,1037.55,1037.55
25.00,60.00,24.30,59.70,24.82,56.28,23.56,58.19,1037.55,1037.55
25.00,60.00,24.30,59.70,24.84,56.26,23.52,58.21,1037.55,1037.55
25.00,60.00,24.30,59.70,24.81,56.28,23.52,58.28,1037.55,1037.55
25.00,60.00,24.30,59.70,24.84,56.28,23.52,58.37,1037.55,1037.55
25.00,60.00,24.30,59.70,24.81,56.30,23.51,58.43,1037.55,1037.55
25.00,60.00,24.30,59.70,24.82,56.28,23.52,58.43,1037.55,1037.55
25.00,60.00,24.30,59.70,24.81,56.30,23.52,58.43,1037.55,1037.55
25.00,60.00,24.30,59.70,24.81,56.29,23.52,58.46,1037.55,1037.55
25.00,60.00,24.30,59.80,24.81,56.29,23.52,58.43,1037.55,1037.55
25.00,60.00,24.30,59.80,24.82,56.29,23.52,58.43,1037.55,1037.55
25.00,60.00,24.30,59.80,24.84,56.34,23.54,58.43,1037.55,1037.55
25.00,60.00,24.30,59.80,24.82,56.35,23.57,58.47,1037.55,1037.55
25.00,60.00,24.30,59.80,24.78,56.34,23.54,58.40,1037.55,1037.55
25.00,60.00,24.30,59.80,24.82,56.33,23.53,58.37,1037.55,1037.55
25.00,60.00,24.30,59.80,24.79,56.31,23.56,58.38,1037.55,1037.55
25.00,60.00,24.30,59.80,24.81,56.34,23.56,58.41,1037.55,1037.55
25.00,60.00,24.30,59.90,24.79,56.37,23.54,58.37,1037.55,1037.55
25.00,60.00,24.30,59.80,24.79,56.34,23.55,58.47,1037.55,1037.55
25.00,60.00,24.30,59.80,24.79,56.44,23.56,58.47,1037.55,1037.55
25.00,60.00,24.30,59.90,24.81,56.42,23.55,58.47,1037.55,1037.55
25.00,60.00,24.30,59.90,24.79,56.46,23.56,58.47,1037.55,1037.55
25.00,60.00,24.30,59.90,24.79,56.46,23.56,58.50,1037.55,1037.55
25.00,60.00,24.30,59.90,24.81,56.56,23.56,58.50,1037.55,1037.55
25.00,60.00,24.30,60.00,24.77,56.52,23.58,58.53,1037.55,1037.55
25.00,60.00,24.30,60.00,24.78,56.56,23.60,58.57,1037.55,1037.55
25.00,60.00,24.20,59.90,24.78,56.56,23.60,58.44,1037.55,1037.55
25.00,60.00,24.20,59.90,24.81,56.54,23.60,58.35,1037.55,1037.55
25.00,60.00,24.20,59.90,24.79,56.43,23.61,58.29,1037.55,1037.55
25.00,60.00,24.20,59.90,24.79,56.42,23.62,58.26,1037.55,1037.55
25.00,60.00,24.30,60.00,24.79,56.36,23.60,58.20,1037.55,1037.55
25.00,60.00,24.30,59.90,24.79,56.33,23.57,58.22,1037.55,1037.55
25.00,60.00,24.30,59.90,24.79,56.38,23.58,58.35,1037.55,1037.55
25.00,60.00,24.30,59.90,24.78,56.49,23.58,58.41,1037.55,1037.55
25.00,60.00,24.20,59.90,24.79,56.49,23.58,58.38,1037.55,1037.55
25.00,60.00,24.30,60.00,24.78,56.49,23.58,58.38,1037.55,1037.55
25.00,60.00,24.20,59.90,24.79,56.48,23.58,58.35,1037.55,1037.55
25.00,60.00,24.20,59.90,24.79,56.46,23.60,58.35,1037.55,1037.55
25.00,60.00,24.30,60.00,24.77,56.50,23.58,58.35,1037.55,1037.55
25.00,60.00,24.30,60.00,24.75,56.51,23.59,58.38,1037.55,1037.55
25.00,60.00,24.30,60.00,24.77,56.54,23.58,58.44,1037.55,1037.55
25.00,60.00,24.30,60.00,24.78,56.54,23.57,58.41,1037.55,1037.55
25.00,60.00,24.30,60.00,24.77,56.59,23.59,58.41,1037.55,1037.55
25.00,60.00,24.30,60.00,24.77,56.60,23.60,58.41,1037.55,1037.55
25.00,60.00,24.30,60.10,24.77,56.57,23.64,58.42,1037.55,1037.55
25.00,60.00,24.20,60.00,24.78,56.61,23.67,58.33,1037.55,1037.55
25.00,60.00,24.30,60.10,24.78,56.58,23.66,58.27,1037.55,1037.55
25.00,60.00,24.20,60.00,24.79,56.57,23.64,58.26,1037.55,1037.55
25.00,60.00,24.20,60.00,24.78,56.57,23.65,58.27,1037.55,1037.55
25.00,60.00,24.20,60.00,24.78,56.58,23.70,58.21,1037.55,1037.55
25.00,60.00,24.30,60.10,24.82,56.61,23.75,58.13,1037.55,1037.55
25.00,60.00,24.30,60.10,24.79,56.57,23.75,57.97,1037.55,1037.55
25.00,60.00,24.30,60.10,24.81,56.52,23.76,57.91,1037.55,1037.55
25.00,60.00,24.30,60.10,24.81,56.46,23.74,57.82,1037.55,1037.55
25.00,60.00,24.30,60.00,24.79,56.40,23.73,57.84,1037.55,1037.55
25.00,60.00,24.30,60.00,24.81,56.45,23.70,57.87,1037.55,1037.55
25.00,60.00,24.30,60.00,24.81,56.46,23.68,57.93,1037.55,1037.55
25.00,60.00,24.30,59.90,24.79,56.43,23.61,58.01,1037.55,1037.55
25.00,60.00,24.30,59.90,24.82,56.39,23.60,58.10,1037.55,1037.55
25.00,60.00,24.30,59.90,24.81,56.42,23.61,58.17,1037.55,1037.55
25.00,60.00,24.30,59.90,24.81,56.42,23.62,58.20,1037.55,1037.55
25.00,60.00,24.30,59.90,24.79,56.40,23.60,58.20,1037.55,1037.55
25.00,60.00,24.30,59.90,24.81,56.37,23.62,58.26,1037.55,1037.55
25.00,60.00,24.30,59.90,24.82,56.43,23.64,58.23,1037.55,1037.55
25.00,60.00,24.30,59.90,24.79,56.43,23.66,58.21,1037.55,1037.55
25.00,60.00,24.30,59.90,24.82,56.36,23.68,58.08,1037.55,1037.55
25.00,60.00,24.30,59.90,24.84,56.30,23.69,57.96,1037.55,1037.55
25.00,60.00,24.30,59.80,24.84,56.24,23.66,57.96,1037.55,1037.55
25.00,60.00,24.30,59.70,24.81,56.28,23.66,58.02,1037.55,1037.55
25.00,60.00,24.30,59.80,24.82,56.36,23.64,58.08,1037.55,1037.55
25.00,60.00,24.30,59.80,24.81,56.44,23.66,58.14,1037.55,1037.55
25.00,60.00,24.30,59.80,24.79,56.48,23.67,58.18,1037.55,1037.55
25.00,60.00,24.30,59.90,24.81,56.50,23.66,58.11,1037.55,1037.55
25.00,60.00,24.30,59.80,24.79,56.46,23.63,58.08,1037.55,1037.55
25.00,60.00,24.30,59.80,24.81,56.37,23.59,58.13,1037.55,1037.55
25.00,60.00,24.30,59.80,24.79,56.34,23.57,58.16,1037.55,1037.55
25.00,60.00,24.30,59.80,24.81,56.33,23.56,58.22,1037.55,1037.55
25.00,60.00,24.30,59.80,24.82,56.28,23.52,58.28,1037.55,1037.55
25.00,60.00,24.30,59.80,24.78,56.32,23.54,58.34,1037.55,1037.55
25.00,60.00,24.30,59.80,24.78,56.31,23.51,58.40,1037.55,1037.55
25.00,60.00,24.30,59.80,24.79,56.35,23.50,58.49,1037.55,1037.55
25.00,60.00,24.30,59.80,24.78,56.38,23.48,58.52,1037.55,1037.55
25.00,60.00,24.20,59.70,24.79,56.39,23.47,58.61,1037.55,1037.55
25.00,60.00,24.30,59.80,24.79,56.43,23.48,58.67,1037.55,1037.55
25.00,60.00,24.30,59.80,24.74,56.48,23.48,58.67,1037.55,1037.55
25.00,60.00,24.30,59.90,24.82,56.49,23.51,58.71,1037.55,1037.55
25.00,60.00,24.20,59.80,24.77,56.45,23.54,58.62,1037.55,1037.55
25.00,60.00,24.20,59.80,24.79,56.45,23.56,58.56,1037.55,1037.55
25.00,60.00,24.20,59.80,24.81,56.44,23.54,58.46,1037.55,1037.55
25.00,60.00,24.20,59.80,24.77,56.39,23.52,58.43,1037.55,1037.55
25.00,60.00,24.20,59.80,24.81,56.36,23.50,58.43,1037.55,1037.55
25.00,60.00,24.20,59.80,24.79,56.38,23.51,58.52,1037.55,1037.55
25.00,60.00,24.20,59.80,24.82,56.43,23.50,58.58,1037.55,1037.55
25.00,60.00,24.30,59.90,24.78,56.44,23.48,58.58,1037.55,1037.55
25.00,60.00,24.20,59.80,24.78,56.43,23.46,58.58,1037.55,1037.55
25.00,60.00,24.20,59.80,24.79,56.49,23.48,58.67,1037.55,1037.55
25.00,60.00,24.30,59.90,24.79,56.49,23.45,58.70,1037.55,1037.55
25.00,60.00,24.20,59.90,24.75,56.45,23.40,58.72,1037.55,1037.55
25.00,60.00,24.20,59.80,24.75,56.50,23.43,58.82,1037.55,1037.55
25.00,60.00,24.20,59.80,24.75,56.58,23.42,58.85,1037.55,1037.55
25.00,60.00,24.20,59.90,24.75,56.58,23.44,58.91,1037.55,1037.55
25.00,60.00,24.20,59.90,24.77,56.60,23.44,58.91,1037.55,1037.55
25.00,60.00,24.20,59.90,24.78,56.59,23.46,58.91,1037.55,1037.55
25.00,60.00,24.20,60.00,24.78,56.56,23.45,58.85,1037.55,1037.55
25.00,60.00,24.20,60.00,24.78,56.58,23.48,58.86,1037.55,1037.55
25.00,60.00,24.20,60.00,24.79,56.62,23.47,58.82,1037.55,1037.55
25.00,60.00,24.20,60.00,24.78,56.53,23.47,58.79,1037.55,1037.55
25.00,60.00,24.20,60.00,24.79,56.49,23.51,58.77,1037.55,1037.55
25.00,60.00,24.20,60.00,24.81,56.49,23.48,58.67,1037.55,1037.55
25.00,60.00,24.20,59.90,24.79,56.45,23.48,58.67,1037.55,1037.55
25.00,60.00,24.20,59.90,24.78,56.48,23.45,58.76,1037.55,1037.55
25.00,60.00,24.20,60.00,24.77,56.50,23.46,58.79,1037.55,1037.55
25.00,60.00,24.20,60.00,24.78,56.55,23.45,58.85,1037.55,1037.55
25.00,60.00,24.20,60.00,24.77,56.62,23.47,58.89,1037.55,1037.55
25.00,60.00,24.20,60.00,24.77,56.51,23.45,58.79,1037.55,1037.55
25.00,60.00,24.20,60.00,24.77,56.47,23.42,58.79,1037.55,1037.55
25.00,60.00,24.20,60.00,24.75,56.44,23.42,58.82,1037.55,1037.55
25.00,60.00,24.20,59.90,24.75,56.47,23.41,58.85,1037.55,1037.55
25.00,60.00,24.20,59.90,24.75,56.51,23.43,58.91,1037.55,1037.55
25.00,60.00,24.20,60.00,24.74,56.62,23.46,58.98,1037.55,1037.55
25.00,60.00,24.20,60.00,24.75,56.71,23.46,58.98,1037.55,1037.55
25.00,60.00,24.20,60.10,24.74,56.73,23.47,58.95,1037.55,1037.55
25.00,60.00,24.20,60.10,24.75,56.69,23.50,58.89,1037.55,1037.55
25.00,60.00,24.20,60.10,24.75,56.70,23.50,58.86,1037.55,1037.55
25.00,60.00,24.20,60.10,24.75,56.68,23.46,58.85,1037.55,1037.55
25.00,60.00,24.20,60.10,24.72,56.60,23.46,58.82,1037.55,1037.55
24.00,61.00,24.20,60.00,24.74,56.61,23.44,58.88,1037.55,1037.55
25.00,60.00,24.20,60.10,24.74,56.67,23.44,58.97,1037.55,1037.55
25.00,60.00,24.20,60.10,24.74,56.72,23.41,59.00,1037.55,1037.55
25.00,60.00,24.20,60.10,24.71,56.78,23.42,59.06,1037.55,1037.55
25.00,60.00,24.20,60.10,24.72,56.80,23.42,59.06,1037.55,1037.55
25.00,60.00,24.20,60.20,24.75,56.77,23.42,59.06,1037.55,1037.55
25.00,60.00,24.20,60.20,24.74,56.77,23.43,59.03,1037.55,1037.55
25.00,60.00,24.20,60.20,24.72,56.76,23.42,59.03,1037.55,1037.55
25.00,60.00,24.20,60.20,24.75,56.77,23.44,59.07,1037.55,1037.55
25.00,60.00,24.20,60.20,24.72,56.77,23.45,59.10,1037.55,1037.55
25.00,60.00,24.20,60.20,24.72,56.82,23.47,59.07,1037.55,1037.55
25.00,60.00,24.20,60.30,24.72,56.78,23.47,58.98,1037.55,1037.55
25.00,60.00,24.20,60.30,24.74,56.81,23.47,58.95,1037.55,1037.55
25.00,60.00,24.20,60.20,24.74,56.78,23.52,58.89,1037.55,1037.55
25.00,60.00,24.20,60.30,24.74,56.75,23.55,58.81,1037.55,1037.55
24.00,61.00,24.20,60.20,24.74,56.71,23.61,58.63,1037.55,1037.55
24.00,61.00,24.20,60.20,24.78,56.68,23.65,58.48,1037.55,1037.55
24.00,61.00,24.20,60.20,24.78,56.57,23.61,58.35,1037.55,1037.55
24.00,61.00,24.20,60.20,24.74,56.47,23.57,58.28,1037.55,1037.55
25.00,60.00,24.20,60.10,24.75,56.50,23.59,58.32,1037.55,1037.55
24.00,61.00,24.20,60.10,24.77,56.48,23.62,58.32,1037.55,1037.55
25.00,60.00,24.20,60.10,24.75,56.48,23.62,58.35,1037.55,1037.55
24.00,61.00,24.20,60.10,24.77,56.50,23.63,58.26,1037.55,1037.55
25.00,60.00,24.20,60.10,24.77,56.53,23.65,58.27,1037.55,1037.55
24.00,61.00,24.20,60.00,24.75,56.61,23.67,58.27,1037.55,1037.55
24.00,61.00,24.20,60.10,24.75,56.60,23.68,58.27,1037.55,1037.55
24.00,61.00,24.20,60.10,24.78,56.55,23.71,58.27,1037.55,1037.55
24.00,61.00,24.20,60.10,24.81,56.64,23.70,58.18,1037.55,1037.55
24.00,61.00,24.20,60.10,24.81,56.58,23.68,58.12,1037.55,1037.55
24.00,61.00,24.20,60.10,24.79,56.55,23.68,58.15,1037.55,1037.55
24.00,61.00,24.20,60.10,24.79,56.49,23.68,58.12,1037.55,1037.55
24.00,61.00,24.20,60.00,24.79,56.45,23.63,58.14,1037.55,1037.55
24.00,61.00,24.20,60.00,24.77,56.50,23.64,58.20,1037.55,1037.55
24.00,61.00,24.20,60.00,24.81,56.49,23.65,58.17,1037.55,1037.55
24.00,61.00,24.20,60.00,24.77,56.50,23.62,58.20,1037.55,1037.55
24.00,61.00,24.20,60.00,24.75,56.51,23.58,58.25,1037.55,1037.55
24.00,61.00,24.20,59.90,24.75,56.55,23.54,58.40,1037.55,1037.55
24.00,61.00,24.20,60.00,24.72,56.63,23.50,58.46,1037.55,1037.55
24.00,61.00,24.20,59.90,24.77,56.61,23.48,58.58,1037.55,1037.55
24.00,61.00,24.20,59.90,24.74,56.64,23.48,58.67,1037.55,1037.55
24.00,61.00,24.20,60.00,24.72,56.68,23.47,58.73,1037.55,1037.55
24.00,61.00,24.20,60.00,24.74,56.72,23.46,58.79,1037.55,1037.55
24.00,61.00,24.20,60.00,24.72,56.76,23.46,58.85,1037.55,1037.55
24.00,61.00,24.20,60.10,24.71,56.85,23.45,58.91,1037.55,1037.55
24.00,61.00,24.20,60.10,24.70,56.83,23.45,58.94,1037.55,1037.55
24.00,61.00,24.20,60.10,24.70,56.84,23.43,58.94,1037.55,1037.55
24.00,61.00,24.20,60.10,24.70,56.86,23.44,58.94,1037.55,1037.55
24.00,61.00,24.20,60.20,24.71,56.86,23.46,58.95,1037.55,1037.55
24.00,61.00,24.20,60.20,24.70,56.83,23.44,58.97,1037.55,1037.55
24.00,61.00,24.20,60.20,24.72,56.79,23.44,58.97,1037.55,1037.55
24.00,61.00,24.20,60.20,24.74,56.85,23.44,59.00,1037.55,1037.55
24.00,61.00,24.20,60.20,24.74,56.78,23.43,59.00,1037.55,1037.55
24.00,61.00,24.20,60.20,24.74,56.79,23.45,59.01,1037.55,1037.55
24.00,61.00,24.20,60.20,24.72,56.83,23.46,59.01,1037.55,1037.55
24.00,61.00,24.20,60.30,24.74,56.76,23.46,58.98,1037.55,1037.55
24.00,61.00,24.20,60.30,24.72,56.75,23.50,58.95,1037.55,1037.55
24.00,61.00,24.20,60.30,24.77,56.73,23.50,58.86,1037.55,1037.55
24.00,61.00,24.20,60.30,24.75,56.75,23.53,58.80,1037.55,1037.55
24.00,61.00,24.20,60.30,24.74,56.75,23.54,58.77,1037.55,1037.55
24.00,61.00,24.20,60.30,24.75,56.76,23.54,58.68,1037.55,1037.55
25.00,60.00,24.20,60.30,24.74,56.72,23.54,58.59,1037.55,1037.55
24.00,61.00,24.20,60.20,24.74,56.66,23.55,58.56,1037.55,1037.55
24.00,61.00,24.20,60.20,24.75,56.66,23.54,58.53,1037.55,1037.55
25.00,60.00,24.20,60.20,24.75,56.63,23.56,58.50,1037.55,1037.55
25.00,60.00,24.20,60.20,24.77,56.59,23.54,58.46,1037.55,1037.55
24.00,61.00,24.20,60.10,24.75,56.61,23.54,58.53,1037.55,1037.55
25.00,60.00,24.20,60.10,24.75,56.61,23.52,58.62,1037.55,1037.55
24.00,61.00,24.20,60.10,24.75,56.66,23.49,58.67,1037.55,1037.55
24.00,61.00,24.20,60.10,24.77,56.69,23.46,58.70,1037.55,1037.55
24.00,61.00,24.20,60.20,24.77,56.64,23.44,58.76,1037.55,1037.55
24.00,61.00,24.20,60.10,24.77,56.55,23.42,58.79,1037.55,1037.55
24.00,61.00,24.20,60.10,24.74,56.64,23.42,58.91,1037.55,1037.55
24.00,61.00,24.20,60.10,24.72,56.72,23.42,58.97,1037.55,1037.55
24.00,61.00,24.20,60.10,24.75,56.72,23.46,59.04,1037.55,1037.55
24.00,61.00,24.20,60.20,24.74,56.75,23.50,58.95,1037.55,1037.55
24.00,61.00,24.20,60.20,24.77,56.73,23.52,58.83,1037.55,1037.55
24.00,61.00,24.20,60.20,24.78,56.60,23.51,58.68,1037.55,1037.55
24.00,61.00,24.20,60.10,24.74,56.60,23.50,58.61,1037.55,1037.55
24.00,61.00,24.20,60.00,24.75,56.56,23.48,58.64,1037.55,1037.55
24.00,61.00,24.20,60.00,24.78,56.57,23.50,58.74,1037.55,1037.55
24.00,61.00,24.20,60.10,24.74,56.64,23.58,58.75,1037.55,1037.55
24.00,61.00,24.20,60.10,24.78,56.65,23.63,58.66,1037.55,1037.55
24.00,61.00,24.20,60.10,24.79,56.67,23.69,58.55,1037.55,1037.55
24.00,61.00,24.20,60.10,24.78,56.65,23.69,58.36,1037.55,1037.55
24.00,61.00,24.20,60.10,24.81,56.52,23.74,58.19,1037.55,1037.55
25.00,60.00,24.20,60.10,24.81,56.50,23.67,58.02,1037.55,1037.55
25.00,60.00,24.20,60.00,24.82,56.40,23.62,58.01,1037.55,1037.55
24.00,61.00,24.20,59.90,24.81,56.35,23.62,58.04,1037.55,1037.55
24.00,61.00,24.20,59.90,24.78,56.38,23.65,58.11,1037.55,1037.55
24.00,61.00,24.20,59.90,24.77,56.45,23.66,58.14,1037.55,1037.55
24.00,61.00,24.20,59.90,24.77,56.54,23.70,58.18,1037.55,1037.55
24.00,61.00,24.20,60.00,24.81,56.58,23.76,58.10,1037.55,1037.55
24.00,61.00,24.20,59.90,24.79,56.57,23.79,57.98,1037.55,1037.55
24.00,61.00,24.20,60.00,24.81,56.51,23.76,57.88,1037.55,1037.55
24.00,61.00,24.20,59.90,24.79,56.50,23.74,57.91,1037.55,1037.55
24.00,61.00,24.20,59.90,24.79,56.47,23.70,57.96,1037.55,1037.55
24.00,61.00,24.20,59.90,24.81,56.50,23.66,58.08,1037.55,1037.55
24.00,61.00,24.20,59.90,24.78,56.50,23.63,58.17,1037.55,1037.55
24.00,61.00,24.20,60.00,24.79,56.49,23.58,58.25,1037.55,1037.55
24.00,61.00,24.20,59.90,24.81,56.51,23.56,58.38,1037.55,1037.55
24.00,61.00,24.20,60.00,24.79,56.53,23.54,58.50,1037.55,1037.55
24.00,61.00,24.20,60.00,24.79,56.58,23.54,58.56,1037.55,1037.55
24.00,61.00,24.20,60.00,24.78,56.66,23.55,58.62,1037.55,1037.55
24.00,61.00,24.20,60.00,24.81,56.65,23.56,58.65,1037.55,1037.55
24.00,61.00,24.20,60.00,24.82,56.63,23.56,58.71,1037.55,1037.55
24.00,61.00,24.20,60.10,24.79,56.69,23.59,58.69,1037.55,1037.55
24.00,61.00,24.20,60.10,24.79,56.66,23.60,58.66,1037.55,1037.55
24.00,61.00,24.20,60.10,24.79,56.73,23.62,58.63,1037.55,1037.55
24.00,61.00,24.20,60.10,24.79,56.74,23.66,58.54,1037.55,1037.55
24.00,61.00,24.20,60.10,24.84,56.73,23.70,58.52,1037.55,1037.55
24.00,61.00,24.20,60.10,24.79,56.76,23.77,58.35,1037.55,1037.55
24.00,61.00,24.20,60.10,24.84,56.66,23.85,58.11,1037.55,1037.55
24.00,61.00,24.20,60.10,24.84,56.62,23.84,57.89,1037.55,1037.55
25.00,60.00,24.20,60.10,24.82,56.54,23.82,57.77,1037.55,1037.55
24.00,61.00,24.20,60.00,24.82,56.52,23.86,57.74,1037.55,1037.55
24.00,61.00,24.20,59.90,24.79,56.42,23.82,57.64,1037.55,1037.55
24.00,61.00,24.20,59.90,24.79,56.40,23.81,57.61,1037.55,1037.55
24.00,61.00,24.20,59.80,24.82,56.42,23.79,57.67,1037.55,1037.55
24.00,61.00,24.20,59.80,24.82,56.46,23.79,57.79,1037.55,1037.55
24.00,61.00,24.20,59.80,24.81,56.47,23.75,57.82,1037.55,1037.55
24.00,61.00,24.20,59.80,24.79,56.47,23.70,57.90,1037.55,1037.55
24.00,61.00,24.20,59.70,24.82,56.48,23.69,58.06,1037.55,1037.55
24.00,61.00,24.20,59.80,24.84,56.52,23.74,58.09,1037.55,1037.55
24.00,61.00,24.30,59.90,24.82,56.52,23.75,58.06,1037.55,1037.55
24.00,61.00,24.30,59.90,24.85,56.48,23.72,58.09,1037.55,1037.55
25.00,60.00,24.20,59.80,24.81,56.49,23.72,58.09,1037.55,1037.55
24.00,61.00,24.20,59.80,24.82,56.55,23.69,58.09,1037.55,1037.55
24.00,61.00,24.30,59.90,24.81,56.52,23.68,58.05,1037.55,1037.55
24.00,61.00,24.30,59.80,24.82,56.44,23.67,58.14,1037.55,1037.55
24.00,61.00,24.30,59.80,24.84,56.50,23.68,58.21,1037.55,1037.55
24.00,61.00,24.20,59.70,24.84,56.51,23.78,58.10,1037.55,1037.55
24.00,61.00,24.20,59.70,24.85,56.40,23.74,57.97,1037.55,1037.55
24.00,61.00,24.30,59.80,24.82,56.36,23.71,57.90,1037.55,1037.55
24.00,61.00,24.20,59.70,24.82,56.34,23.68,57.99,1037.55,1037.55
24.00,61.00,24.20,59.70,24.84,56.37,23.64,58.08,1037.55,1037.55
24.00,61.00,24.20,59.70,24.85,56.40,23.61,58.17,1037.55,1037.55
24.00,61.00,24.20,59.70,24.85,56.36,23.58,58.19,1037.55,1037.55
24.00,61.00,24.20,59.70,24.84,56.28,23.58,58.25,1037.55,1037.55
24.00,61.00,24.20,59.70,24.82,56.38,23.56,58.34,1037.55,1037.55
24.00,61.00,24.20,59.70,24.85,56.34,23.54,58.40,1037.55,1037.55
24.00,61.00,24.20,59.70,24.84,56.34,23.63,58.45,1037.55,1037.55
24.00,61.00,24.20,59.70,24.88,56.32,23.63,58.32,1037.55,1037.55
24.00,61.00,24.20,59.70,24.82,56.24,23.60,58.26,1037.55,1037.55
24.00,61.00,24.20,59.70,24.84,56.27,23.59,58.38,1037.55,1037.55
24.00,61.00,24.20,59.70,24.84,56.27,23.59,58.32,1037.55,1037.55
24.00,61.00,24.20,59.70,24.84,56.32,23.60,58.35,1037.55,1037.55
24.00,61.00,24.20,59.70,24.84,56.33,23.60,58.41,1037.55,1037.55
24.00,61.00,24.20,59.70,24.81,56.34,23.58,58.41,1037.55,1037.55
24.00,61.00,24.20,59.70,24.82,56.44,23.56,58.44,1037.55,1037.55
24.00,61.00,24.20,59.70,24.81,56.47,23.57,58.56,1037.55,1037.55
24.00,61.00,24.20,59.70,24.82,56.49,23.60,58.57,1037.55,1037.55
24.00,61.00,24.20,59.70,24.84,56.46,23.66,58.42,1037.55,1037.55
24.00,61.00,24.20,59.70,24.84,56.42,23.67,58.30,1037.55,1037.55
24.00,61.00,24.20,59.70,24.82,56.43,23.73,58.22,1037.55,1037.55
24.00,61.00,24.20,59.70,24.82,56.46,23.79,58.13,1037.55,1037.55
24.00,61.00,24.20,59.80,24.82,56.41,23.82,57.89,1037.55,1037.55
24.00,61.00,24.20,59.70,24.84,56.37,23.79,57.73,1037.55,1037.55
24.00,61.00,24.20,59.70,24.84,56.36,23.77,57.76,1037.55,1037.55
24.00,61.00,24.20,59.70,24.85,56.39,23.77,57.85,1037.55,1037.55
24.00,61.00,24.20,59.70,24.84,56.44,23.78,57.95,1037.55,1037.55
24.00,61.00,24.20,59.80,24.81,56.54,23.78,58.01,1037.55,1037.55
24.00,61.00,24.20,59.90,24.85,56.62,23.79,58.04,1037.55,1037.55
24.00,61.00,24.20,59.90,24.84,56.67,23.84,58.02,1037.55,1037.55
24.00,61.00,24.20,59.90,24.81,56.58,23.85,57.80,1037.55,1037.55
24.00,61.00,24.20,59.90,24.84,56.50,23.88,57.77,1037.55,1037.55
24.00,61.00,24.20,59.90,24.84,56.51,23.93,57.72,1037.55,1037.55
24.00,61.00,24.20,59.90,24.84,56.47,23.92,57.53,1037.55,1037.55
24.00,61.00,24.20,59.80,24.84,56.42,23.87,57.46,1037.55,1037.55
24.00,61.00,24.20,59.80,24.84,56.36,23.85,57.49,1037.55,1037.55
24.00,61.00,24.20,59.80,24.85,56.34,23.88,57.56,1037.55,1037.55
24.00,61.00,24.20,59.80,24.84,56.36,23.94,57.57,1037.55,1037.55
24.00,61.00,24.20,59.80,24.85,56.40,23.98,57.57,1037.55,1037.55
24.00,61.00,24.20,59.80,24.86,56.44,23.95,57.44,1037.55,1037.55
24.00,61.00,24.20,59.80,24.85,56.33,23.93,57.35,1037.55,1037.55
24.00,61.00,24.20,59.80,24.89,56.30,23.94,57.38,1037.55,1037.55
24.00,61.00,24.20,59.70,24.85,56.39,23.94,57.41,1037.55,1037.55
24.00,61.00,24.20,59.80,24.86,56.34,23.86,57.40,1037.55,1037.55
24.00,61.00,24.20,59.70,24.86,56.30,23.80,57.45,1037.55,1037.55
24.00,61.00,24.20,59.70,24.86,56.29,23.82,57.61,1037.55,1037.55
24.00,61.00,24.20,59.70,24.85,56.28,23.76,57.63,1037.55,1037.55
24.00,61.00,24.20,59.70,24.85,56.27,23.74,57.75,1037.55,1037.55
24.00,61.00,24.20,59.70,24.85,56.37,23.69,57.87,1037.55,1037.55
24.00,61.00,24.20,59.70,24.82,56.45,23.67,58.02,1037.55,1037.55
24.00,61.00,24.20,59.70,24.82,56.46,23.67,58.11,1037.55,1037.55
24.00,61.00,24.20,59.70,24.84,56.47,23.68,58.24,1037.55,1037.55
24.00,61.00,24.20,59.80,24.84,56.50,23.65,58.23,1037.55,1037.55
24.00,61.00,24.30,59.90,24.79,56.48,23.61,58.17,1037.55,1037.55
24.00,61.00,24.20,59.70,24.82,56.51,23.58,58.25,1037.55,1037.55
24.00,61.00,24.20,59.70,24.82,56.50,23.55,58.34,1037.55,1037.55
24.00,61.00,24.20,59.70,24.82,56.50,23.52,58.49,1037.55,1037.55
24.00,61.00,24.30,59.80,24.81,56.57,23.53,58.59,1037.55,1037.55
24.00,61.00,24.20,59.80,24.77,56.61,23.53,58.62,1037.55,1037.55
24.00,61.00,24.20,59.80,24.81,56.59,23.56,58.68,1037.55,1037.55
24.00,61.00,24.20,59.80,24.84,56.58,23.52,58.59,1037.55,1037.55
24.00,61.00,24.20,59.80,24.84,56.54,23.58,58.59,1037.55,1037.55
24.00,61.00,24.20,59.80,24.79,56.49,23.58,58.50,1037.55,1037.55
24.00,61.00,24.20,59.70,24.81,56.48,23.61,58.44,1037.55,1037.55
24.00,61.00,24.20,59.70,24.82,56.50,23.60,58.44,1037.55,1037.55
24.00,61.00,24.20,59.80,24.82,56.48,23.58,58.44,1037.55,1037.55
24.00,61.00,24.20,59.80,24.81,56.50,23.56,58.47,1037.55,1037.55
24.00,61.00,24.20,59.80,24.81,56.51,23.56,58.50,1037.55,1037.55
24.00,61.00,24.20,59.80,24.81,56.48,23.56,58.50,1037.55,1037.55
24.00,61.00,24.20,59.70,24.81,56.48,23.62,58.48,1037.55,1037.55
24.00,61.00,24.20,59.70,24.81,56.44,23.61,58.41,1037.55,1037.55
24.00,61.00,24.20,59.70,24.81,56.41,23.59,58.38,1037.55,1037.55
24.00,61.00,24.20,59.70,24.82,56.43,23.58,58.38,1037.55,1037.55
24.00,61.00,24.30,59.80,24.84,56.45,23.64,58.45,1037.55,1037.55
24.00,61.00,24.20,59.70,24.81,56.56,23.66,58.39,1037.55,1037.55
24.00,61.00,24.20,59.80,24.82,56.52,23.66,58.30,1037.55,1037.55
24.00,61.00,24.20,59.80,24.81,56.47,23.66,58.27,1037.55,1037.55
24.00,61.00,24.20,59.80,24.79,56.55,23.63,58.36,1037.55,1037.55
24.00,61.00,24.20,59.80,24.79,56.56,23.64,58.42,1037.55,1037.55
24.00,61.00,24.20,59.80,24.82,56.54,23.69,58.49,1037.55,1037.55
24.00,61.00,24.30,60.00,24.79,56.58,23.72,58.46,1037.55,1037.55
24.00,61.00,24.30,60.00,24.82,56.71,23.74,58.46,1037.55,1037.55
24.00,61.00,24.30,60.10,24.84,56.76,23.76,58.41,1037.55,1037.55
24.00,61.00,24.20,60.00,24.81,56.75,23.77,58.35,1037.55,1037.55
24.00,61.00,24.30,60.10,24.84,56.73,23.81,58.23,1037.55,1037.55
24.00,61.00,24.20,60.00,24.82,56.71,23.78,58.10,1037.55,1037.55
24.00,61.00,24.30,60.10,24.82,56.59,23.74,58.06,1037.55,1037.55
24.00,61.00,24.30,60.00,24.84,56.55,23.73,58.03,1037.55,1037.55
24.00,61.00,24.30,60.00,24.82,56.51,23.70,58.09,1037.55,1037.55
24.00,61.00,24.30,60.00,24.84,56.56,23.73,58.19,1037.55,1037.55
25.00,60.00,24.30,60.00,24.85,56.58,23.79,58.13,1037.55,1037.55
25.00,60.00,24.30,59.90,24.85,56.59,23.81,58.10,1037.55,1037.55
24.00,61.00,24.30,60.00,24.82,56.62,23.82,58.08,1037.55,1037.55
24.00,61.00,24.30,60.00,24.82,56.68,23.82,58.11,1037.55,1037.55
24.00,61.00,24.30,60.00,24.82,56.79,23.82,58.14,1037.55,1037.55
25.00,60.00,24.30,60.10,24.84,56.83,23.84,58.17,1037.55,1037.55
25.00,60.00,24.30,60.10,24.82,56.82,23.86,58.11,1037.55,1037.55
25.00,60.00,24.30,60.10,24.84,56.71,23.82,57.92,1037.55,1037.55
25.00,60.00,24.30,60.00,24.85,56.55,23.85,57.80,1037.55,1037.55
24.00,61.00,24.30,59.90,24.85,56.49,23.91,57.78,1037.55,1037.55
24.00,61.00,24.30,59.90,24.84,56.54,23.94,57.72,1037.55,1037.55
25.00,60.00,24.30,59.90,24.84,56.46,23.85,57.58,1037.55,1037.55
25.00,60.00,24.30,59.80,24.84,56.39,23.84,57.55,1037.55,1037.55
24.00,61.00,24.30,59.70,24.82,56.37,23.82,57.61,1037.55,1037.55
24.00,61.00,24.30,59.70,24.82,56.39,23.76,57.63,1037.55,1037.55
24.00,61.00,24.30,59.70,24.84,56.36,23.75,57.72,1037.55,1037.55
24.00,61.00,24.30,59.70,24.84,56.36,23.76,57.82,1037.55,1037.55
24.00,61.00,24.30,59.70,24.85,56.35,23.74,57.88,1037.55,1037.55
24.00,61.00,24.30,59.70,24.84,56.28,23.76,57.85,1037.55,1037.55
24.00,61.00,24.30,59.70,24.84,56.28,23.77,57.88,1037.55,1037.55
24.00,61.00,24.30,59.70,24.84,56.28,23.74,57.85,1037.55,1037.55
24.00,61.00,24.20,59.60,24.86,56.34,23.67,57.93,1037.55,1037.55
24.00,61.00,24.20,59.60,24.84,56.32,23.64,58.02,1037.55,1037.55
24.00,61.00,24.20,59.60,24.85,56.31,23.69,58.06,1037.55,1037.55
24.00,61.00,24.20,59.60,24.84,56.34,23.70,58.09,1037.55,1037.55
24.00,61.00,24.20,59.60,24.85,56.38,23.74,58.09,1037.55,1037.55
24.00,61.00,24.20,59.70,24.85,56.40,23.78,58.10,1037.55,1037.55
24.00,61.00,24.20,59.70,24.88,56.45,23.81,58.10,1037.55,1037.55
24.00,61.00,24.20,59.80,24.88,56.48,23.83,57.98,1037.55,1037.55
24.00,61.00,24.20,59.80,24.84,56.41,23.80,57.89,1037.55,1037.55
24.00,61.00,24.20,59.70,24.85,56.39,23.78,57.85,1037.55,1037.55
24.00,61.00,24.20,59.70,24.85,56.36,23.74,57.88,1037.55,1037.55
24.00,61.00,24.20,59.70,24.85,56.41,23.69,57.99,1037.55,1037.55
24.00,61.00,24.20,59.70,24.85,56.45,23.66,58.02,1037.55,1037.55
24.00,61.00,24.20,59.70,24.82,56.41,23.64,58.08,1037.55,1037.55
24.00,61.00,24.20,59.70,24.84,56.35,23.61,58.10,1037.55,1037.55
24.00,61.00,24.20,59.70,24.81,56.32,23.60,58.20,1037.55,1037.55
24.00,61.00,24.20,59.70,24.84,56.29,23.59,58.23,1037.55,1037.55
24.00,61.00,24.20,59.60,24.84,56.32,23.56,58.31,1037.55,1037.55
24.00,61.00,24.20,59.70,24.84,56.36,23.53,58.46,1037.55,1037.55
24.00,61.00,24.20,59.70,24.82,56.42,23.58,58.50,1037.55,1037.55
24.00,61.00,24.20,59.70,24.85,56.32,23.55,58.44,1037.55,1037.55
24.00,61.00,24.20,59.70,24.82,56.32,23.58,58.44,1037.55,1037.55
24.00,61.00,24.20,59.70,24.85,56.33,23.64,58.45,1037.55,1037.55
24.00,61.00,24.20,59.70,24.85,56.39,23.63,58.39,1037.55,1037.55
24.00,61.00,24.20,59.70,24.84,56.35,23.62,58.29,1037.55,1037.55
24.00,61.00,24.20,59.70,24.84,56.30,23.62,58.26,1037.55,1037.55
24.00,61.00,24.20,59.70,24.85,56.27,23.59,58.26,1037.55,1037.55
24.00,61.00,24.20,59.70,24.84,56.31,23.61,58.35,1037.55,1037.55
24.00,61.00,24.20,59.70,24.82,56.34,23.57,58.38,1037.55,1037.55
24.00,61.00,24.20,59.80,24.85,56.36,23.60,58.44,1037.55,1037.55
24.00,61.00,24.20,59.80,24.86,56.36,23.57,58.35,1037.55,1037.55
24.00,61.00,24.20,59.80,24.85,56.33,23.56,58.34,1037.55,1037.55
24.00,61.00,24.20,59.80,24.84,56.30,23.64,58.36,1037.55,1037.55
24.00,61.00,24.20,59.80,24.84,56.28,23.58,58.25,1037.55,1037.55
24.00,61.00,24.20,59.80,24.79,56.28,23.59,58.29,1037.55,1037.55
24.00,61.00,24.20,59.80,24.81,56.33,23.58,58.29,1037.55,1037.55
24.00,61.00,24.20,59.80,24.81,56.37,23.60,58.32,1037.55,1037.55
24.00,61.00,24.20,59.80,24.81,56.40,23.61,58.35,1037.55,1037.55
24.00,61.00,24.10,59.80,24.81,56.44,23.59,58.38,1037.55,1037.55
24.00,61.00,24.10,59.80,24.81,56.50,23.58,58.47,1037.55,1037.55
24.00,61.00,24.10,59.80,24.81,56.58,23.63,58.51,1037.55,1037.55
24.00,61.00,24.10,59.90,24.82,56.53,23.67,58.45,1037.55,1037.55
24.00,61.00,24.10,59.90,24.81,56.48,23.68,58.30,1037.55,1037.55
24.00,61.00,24.10,59.90,24.81,56.50,23.68,58.27,1037.55,1037.55
24.00,61.00,24.10,59.90,24.82,56.50,23.68,58.24,1037.55,1037.55
24.00,61.00,24.10,59.90,24.78,56.57,23.68,58.27,1037.55,1037.55
24.00,61.00,24.10,60.00,24.79,56.55,23.69,58.27,1037.55,1037.55
24.00,61.00,24.10,60.00,24.81,56.49,23.61,58.14,1037.55,1037.55
24.00,61.00,24.10,59.90,24.79,56.45,23.58,58.19,1037.55,1037.55
24.00,61.00,24.10,59.90,24.79,56.50,23.57,58.35,1037.55,1037.55
24.00,61.00,24.10,59.90,24.78,56.59,23.58,58.47,1037.55,1037.55
24.00,61.00,24.10,59.90,24.78,56.66,23.60,58.57,1037.55,1037.55
24.00,61.00,24.10,60.00,24.79,56.68,23.59,58.56,1037.55,1037.55
24.00,61.00,24.10,60.10,24.79,56.74,23.59,58.63,1037.55,1037.55
24.00,61.00,24.20,60.20,24.79,56.64,23.58,58.59,1037.55,1037.55
24.00,61.00,24.20,60.20,24.78,56.69,23.57,58.65,1037.55,1037.55
24.00,61.00,24.20,60.20,24.79,56.74,23.59,58.69,1037.55,1037.55
24.00,61.00,24.20,60.20,24.79,56.74,23.64,58.67,1037.55,1037.55
24.00,61.00,24.20,60.20,24.79,56.74,23.73,58.59,1037.55,1037.55
24.00,61.00,24.20,60.30,24.82,56.70,23.73,58.37,1037.55,1037.55
24.00,62.00,24.20,60.20,24.81,56.71,23.70,58.27,1037.55,1037.55
24.00,61.00,24.20,60.30,24.79,56.66,23.70,58.21,1037.55,1037.55
24.00,61.00,24.20,60.20,24.81,56.61,23.67,58.21,1037.55,1037.55
24.00,61.00,24.20,60.20,24.82,56.67,23.66,58.27,1037.55,1037.55
24.00,61.00,24.20,60.20,24.81,56.62,23.66,58.27,1037.55,1037.55
24.00,61.00,24.20,60.20,24.79,56.54,23.63,58.29,1037.55,1037.55
24.00,61.00,24.20,60.10,24.79,56.53,23.60,58.29,1037.55,1037.55
24.00,61.00,24.20,60.10,24.81,56.53,23.56,58.41,1037.55,1037.55
24.00,61.00,24.20,60.10,24.78,56.57,23.54,58.53,1037.55,1037.55
24.00,61.00,24.20,60.10,24.79,56.59,23.56,58.59,1037.55,1037.55
24.00,61.00,24.20,60.10,24.81,56.64,23.56,58.65,1037.55,1037.55
24.00,61.00,24.20,60.10,24.82,56.66,23.56,58.65,1037.55,1037.55
24.00,61.00,24.20,60.10,24.81,56.64,23.52,58.68,1037.55,1037.55
24.00,61.00,24.20,60.10,24.77,56.68,23.47,58.73,1037.55,1037.55
24.00,61.00,24.20,60.20,24.77,56.68,23.48,58.89,1037.55,1037.55
24.00,61.00,24.20,60.20,24.77,56.78,23.46,59.01,1037.55,1037.55
24.00,61.00,24.20,60.20,24.77,56.86,23.46,59.13,1037.55,1037.55
24.00,61.00,24.20,60.30,24.78,56.88,23.46,59.16,1037.55,1037.55
24.00,61.00,24.20,60.30,24.78,56.87,23.44,59.13,1037.55,1037.55
24.00,61.00,24.20,60.30,24.82,56.76,23.44,59.07,1037.55,1037.55
24.00,61.00,24.20,60.30,24.79,56.75,23.46,59.07,1037.55,1037.55
24.00,61.00,24.20,60.30,24.77,56.73,23.47,58.98,1037.55,1037.55
24.00,61.00,24.20,60.30,24.79,56.66,23.48,58.89,1037.55,1037.55
24.00,61.00,24.20,60.20,24.78,56.68,23.50,58.98,1037.55,1037.55
24.00,61.00,24.20,60.30,24.78,56.69,23.52,58.95,1037.55,1037.55
24.00,61.00,24.20,60.30,24.79,56.67,23.56,58.87,1037.55,1037.55
24.00,61.00,24.20,60.30,24.79,56.62,23.58,58.72,1037.55,1037.55
24.00,61.00,24.20,60.20,24.81,56.53,23.54,58.59,1037.55,1037.55
24.00,61.00,24.20,60.20,24.81,56.52,23.53,58.59,1037.55,1037.55
24.00,61.00,24.20,60.10,24.81,56.53,23.58,58.63,1037.55,1037.55
24.00,61.00,24.20,60.10,24.82,56.52,23.56,58.56,1037.55,1037.55
24.00,61.00,24.20,60.10,24.79,56.53,23.54,58.62,1037.55,1037.55
24.00,61.00,24.20,60.10,24.79,56.50,23.54,58.62,1037.55,1037.55
24.00,61.00,24.20,60.10,24.82,56.57,23.54,58.62,1037.55,1037.55
24.00,61.00,24.10,60.00,24.81,56.53,23.52,58.65,1037.55,1037.55
24.00,61.00,24.10,60.00,24.81,56.50,23.54,58.74,1037.55,1037.55
24.00,61.00,24.10,60.00,24.78,56.67,23.54,58.80,1037.55,1037.55
24.00,61.00,24.10,60.10,24.79,56.68,23.50,58.86,1037.55,1037.55
24.00,61.00,24.10,60.10,24.78,56.76,23.51,58.89,1037.55,1037.55
24.00,61.00,24.10,60.10,24.77,56.73,23.48,58.92,1037.55,1037.55
24.00,61.00,24.10,60.20,24.79,56.78,23.48,58.98,1037.55,1037.55
24.00,61.00,24.10,60.20,24.74,56.79,23.48,59.01,1037.55,1037.55
24.00,61.00,24.10,60.20,24.74,56.81,23.43,59.00,1037.55,1037.55
24.00,61.00,24.10,60.20,24.78,56.73,23.42,59.06,1037.55,1037.55
24.00,61.00,24.10,60.20,24.75,56.73,23.48,59.04,1037.55,1037.55
24.00,61.00,24.10,60.20,24.77,56.73,23.50,58.95,1037.55,1037.55
24.00,61.00,24.10,60.20,24.79,56.67,23.48,58.86,1037.55,1037.55
24.00,61.00,24.10,60.20,24.77,56.70,23.49,58.92,1037.55,1037.55
24.00,61.00,24.20,60.30,24.79,56.66,23.56,58.84,1037.55,1037.55
24.00,61.00,24.10,60.20,24.79,56.66,23.55,58.68,1037.55,1037.55
24.00,61.00,24.10,60.20,24.78,56.60,23.57,58.59,1037.55,1037.55
24.00,61.00,24.10,60.10,24.77,56.57,23.56,58.56,1037.55,1037.55
24.00,61.00,24.10,60.10,24.77,56.61,23.54,58.62,1037.55,1037.55
24.00,61.00,24.10,60.10,24.79,56.64,23.54,58.68,1037.55,1037.55
24.00,61.00,24.10,60.10,24.79,56.62,23.51,58.74,1037.55,1037.55
24.00,61.00,24.10,60.10,24.78,56.66,23.51,58.80,1037.55,1037.55
24.00,61.00,24.10,60.10,24.79,56.70,23.52,58.86,1037.55,1037.55
24.00,61.00,24.10,60.20,24.77,56.73,23.49,58.86,1037.55,1037.55
24.00,61.00,24.10,60.10,24.78,56.69,23.50,58.92,1037.55,1037.55
24.00,61.00,24.10,60.20,24.79,56.73,23.50,58.95,1037.55,1037.55
24.00,61.00,24.10,60.20,24.78,56.76,23.49,58.95,1037.55,1037.55
24.00,61.00,24.10,60.20,24.79,56.71,23.45,58.85,1037.55,1037.55
24.00,61.00,24.10,60.20,24.78,56.62,23.44,58.85,1037.55,1037.55
24.00,61.00,24.20,60.20,24.77,56.60,23.45,58.97,1037.55,1037.55
24.00,61.00,24.10,60.10,24.77,56.60,23.45,59.01,1037.55,1037.55
24.00,61.00,24.10,60.10,24.79,56.71,23.45,59.07,1037.55,1037.55
24.00,61.00,24.20,60.30,24.78,56.75,23.48,59.13,1037.55,1037.55
24.00,61.00,24.20,60.30,24.78,56.79,23.50,59.20,1037.55,1037.55
24.00,61.00,24.20,60.40,24.78,56.90,23.52,59.17,1037.55,1037.55
24.00,61.00,24.20,60.40,24.77,56.96,23.54,59.05,1037.55,1037.55
24.00,61.00,24.20,60.40,24.78,56.92,23.59,58.97,1037.55,1037.55
24.00,62.00,24.20,60.40,24.79,56.87,23.66,58.85,1037.55,1037.55
24.00,62.00,24.20,60.40,24.78,56.83,23.68,58.64,1037.55,1037.55
24.00,62.00,24.20,60.40,24.77,56.73,23.64,58.45,1037.55,1037.55
24.00,61.00,24.20,60.30,24.81,56.62,23.63,58.39,1037.55,1037.55
24.00,61.00,24.20,60.20,24.79,56.57,23.64,58.39,1037.55,1037.55
24.00,61.00,24.20,60.20,24.81,56.62,23.66,58.39,1037.55,1037.55
24.00,61.00,24.20,60.20,24.78,56.63,23.67,58.30,1037.55,1037.55
24.00,61.00,24.20,60.10,24.78,56.57,23.66,58.30,1037.55,1037.55
24.00,61.00,24.20,60.10,24.79,56.57,23.67,58.27,1037.55,1037.55
24.00,61.00,24.20,60.10,24.77,56.59,23.61,58.29,1037.55,1037.55
24.00,61.00,24.20,60.10,24.77,56.60,23.60,58.38,1037.55,1037.55
24.00,61.00,24.20,60.10,24.78,56.63,23.56,58.47,1037.55,1037.55
24.00,61.00,24.20,60.10,24.79,56.62,23.55,58.62,1037.55,1037.55
24.00,61.00,24.20,60.10,24.79,56.74,23.51,58.71,1037.55,1037.55
24.00,61.00,24.10,60.10,24.77,56.73,23.49,58.77,1037.55,1037.55
24.00,61.00,24.10,60.10,24.77,56.76,23.49,58.86,1037.55,1037.55
24.00,61.00,24.20,60.20,24.75,56.78,23.50,58.95,1037.55,1037.55
24.00,61.00,24.20,60.20,24.78,56.84,23.55,58.96,1037.55,1037.55
24.00,61.00,24.20,60.30,24.74,56.84,23.52,58.83,1037.55,1037.55
24.00,61.00,24.20,60.30,24.75,56.75,23.52,58.80,1037.55,1037.55
24.00,61.00,24.10,60.10,24.77,56.73,23.50,58.83,1037.55,1037.55
24.00,61.00,24.20,60.20,24.72,56.69,23.49,58.77,1037.55,1037.55
24.00,61.00,24.10,60.10,24.75,56.68,23.46,58.76,1037.55,1037.55
24.00,61.00,24.20,60.20,24.75,56.70,23.43,58.91,1037.55,1037.55
24.00,61.00,24.10,60.10,24.75,56.77,23.43,59.03,1037.55,1037.55
24.00,61.00,24.10,60.10,24.74,56.80,23.42,59.09,1037.55,1037.55
24.00,61.00,24.10,60.20,24.74,56.88,23.41,59.15,1037.55,1037.55
24.00,61.00,24.10,60.20,24.75,56.87,23.49,59.10,1037.55,1037.55
24.00,61.00,24.10,60.20,24.74,56.88,23.54,59.05,1037.55,1037.55
24.00,61.00,24.20,60.30,24.75,56.86,23.58,58.93,1037.55,1037.55
24.00,61.00,24.10,60.30,24.77,56.90,23.60,58.91,1037.55,1037.55
24.00,61.00,24.10,60.30,24.75,56.86,23.56,58.75,1037.55,1037.55
24.00,61.00,24.10,60.30,24.78,56.82,23.52,58.71,1037.55,1037.55
24.00,61.00,24.10,60.20,24.75,56.74,23.49,58.73,1037.55,1037.55
24.00,61.00,24.20,60.30,24.75,56.70,23.46,58.73,1037.55,1037.55
24.00,61.00,24.10,60.20,24.78,56.64,23.46,58.79,1037.55,1037.55
24.00,61.00,24.10,60.10,24.78,56.63,23.46,58.85,1037.55,1037.55
24.00,61.00,24.10,60.10,24.77,56.65,23.50,58.89,1037.55,1037.55
24.00,61.00,24.10,60.10,24.78,56.68,23.56,58.93,1037.55,1037.55
24.00,61.00,24.10,60.10,24.77,56.68,23.58,58.87,1037.55,1037.55
24.00,61.00,24.10,60.20,24.77,56.73,23.60,58.84,1037.55,1037.55
24.00,61.00,24.10,60.20,24.77,56.82,23.60,58.72,1037.55,1037.55
24.00,61.00,24.10,60.20,24.74,56.75,23.56,58.65,1037.55,1037.55
24.00,61.00,24.10,60.10,24.72,56.73,23.56,58.65,1037.55,1037.55
24.00,61.00,24.10,60.10,24.74,56.75,23.56,58.62,1037.55,1037.55
24.00,61.00,24.20,60.20,24.77,56.74,23.57,58.56,1037.55,1037.55
24.00,61.00,24.10,60.10,24.78,56.70,23.57,58.56,1037.55,1037.55
24.00,61.00,24.10,60.10,24.75,56.69,23.54,58.59,1037.55,1037.55
24.00,61.00,24.10,60.10,24.77,56.60,23.52,58.59,1037.55,1037.55
24.00,61.00,24.10,60.00,24.77,56.58,23.52,58.65,1037.55,1037.55
24.00,61.00,24.10,60.00,24.77,56.63,23.50,58.61,1037.55,1037.55
24.00,61.00,24.10,60.00,24.75,56.65,23.51,58.68,1037.55,1037.55
24.00,61.00,24.10,60.00,24.75,56.62,23.49,58.73,1037.55,1037.55
24.00,61.00,24.10,60.00,24.77,56.60,23.51,58.77,1037.55,1037.55
24.00,61.00,24.20,60.10,24.74,56.66,23.48,58.76,1037.55,1037.55
24.00,61.00,24.10,60.10,24.75,56.68,23.44,58.82,1037.55,1037.55
24.00,61.00,24.10,60.10,24.75,56.66,23.44,58.91,1037.55,1037.55
24.00,61.00,24.10,60.10,24.77,56.67,23.40,58.97,1037.55,1037.55
24.00,61.00,24.10,60.10,24.77,56.69,23.44,59.00,1037.55,1037.55
24.00,61.00,24.10,60.10,24.74,56.73,23.41,59.06,1037.55,1037.55
24.00,61.00,24.10,60.10,24.74,56.73,23.37,59.09,1037.55,1037.55
24.00,61.00,24.10,60.10,24.74,56.73,23.35,59.14,1037.55,1037.55
24.00,61.00,24.10,60.00,24.72,56.76,23.36,59.24,1037.55,1037.55
24.00,61.00,24.10,60.10,24.71,56.82,23.38,59.36,1037.55,1037.55
24.00,61.00,24.10,60.20,24.68,56.91,23.38,59.36,1037.55,1037.55
24.00,61.00,24.10,60.20,24.74,56.88,23.38,59.36,1037.55,1037.55
24.00,61.00,24.10,60.20,24.72,56.86,23.38,59.33,1037.55,1037.55
24.00,61.00,24.10,60.20,24.70,56.84,23.36,59.30,1037.55,1037.55
24.00,61.00,24.10,60.20,24.71,56.81,23.34,59.30,1037.55,1037.55
24.00,61.00,24.10,60.20,24.72,56.82,23.33,59.36,1037.55,1037.55
24.00,61.00,24.10,60.20,24.72,56.85,23.31,59.45,1037.55,1037.55
24.00,61.00,24.10,60.30,24.71,56.88,23.34,59.45,1037.55,1037.55
24.00,61.00,24.10,60.30,24.71,56.91,23.38,59.46,1037.55,1037.55
24.00,61.00,24.10,60.30,24.71,56.95,23.40,59.43,1037.55,1037.55
24.00,61.00,24.10,60.40,24.70,56.92,23.45,59.31,1037.55,1037.55
24.00,61.00,24.10,60.40,24.72,56.91,23.49,59.23,1037.55,1037.55
24.00,61.00,24.10,60.40,24.71,56.87,23.51,59.08,1037.55,1037.55
24.00,61.00,24.10,60.40,24.75,56.85,23.51,58.89,1037.55,1037.55
24.00,61.00,24.10,60.30,24.72,56.80,23.53,58.89,1037.55,1037.55
24.00,61.00,24.10,60.30,24.74,56.82,23.52,58.86,1037.55,1037.55
24.00,61.00,24.10,60.30,24.74,56.80,23.49,58.83,1037.55,1037.55
24.00,61.00,24.10,60.30,24.75,56.75,23.48,58.79,1037.55,1037.55
24.00,61.00,24.10,60.20,24.71,56.69,23.46,58.76,1037.55,1037.55
24.00,61.00,24.10,60.20,24.74,56.67,23.45,58.82,1037.55,1037.55
24.00,61.00,24.10,60.20,24.71,56.73,23.45,58.94,1037.55,1037.55
24.00,61.00,24.10,60.20,24.72,56.80,23.42,58.97,1037.55,1037.55
24.00,61.00,24.10,60.20,24.74,56.84,23.44,59.16,1037.55,1037.55
24.00,61.00,24.10,60.20,24.74,56.81,23.50,59.07,1037.55,1037.55
24.00,61.00,24.10,60.30,24.75,56.80,23.54,58.93,1037.55,1037.55
24.00,61.00,24.10,60.30,24.75,56.72,23.49,58.80,1037.55,1037.55
24.00,61.00,24.10,60.20,24.74,56.66,23.46,58.79,1037.55,1037.55
24.00,61.00,24.10,60.20,24.77,56.66,23.43,58.85,1037.55,1037.55
24.00,61.00,24.10,60.20,24.74,56.66,23.38,58.84,1037.55,1037.55
24.00,61.00,24.10,60.20,24.75,56.48,23.39,58.90,1037.55,1037.55
24.00,61.00,24.10,60.10,24.77,56.51,23.38,58.93,1037.55,1037.55
24.00,61.00,24.10,60.10,24.74,56.61,23.35,59.02,1037.55,1037.55
24.00,61.00,24.10,60.20,24.74,56.65,23.37,59.05,1037.55,1037.55
24.00,61.00,24.10,60.20,24.72,56.63,23.36,59.05,1037.55,1037.55
24.00,61.00,24.10,60.20,24.75,56.65,23.38,59.12,1037.55,1037.55
24.00,61.00,24.10,60.20,24.72,56.66,23.35,59.05,1037.55,1037.55
24.00,61.00,24.10,60.20,24.72,56.63,23.32,59.08,1037.55,1037.55
24.00,61.00,24.10,60.20,24.75,56.67,23.33,59.17,1037.55,1037.55
24.00,61.00,24.00,60.10,24.75,56.67,23.32,59.23,1037.55,1037.55
24.00,61.00,24.10,60.30,24.72,56.69,23.31,59.26,1037.55,1037.55
24.00,61.00,24.00,60.10,24.70,56.72,23.32,59.26,1037.55,1037.55
24.00,61.00,24.10,60.20,24.70,56.71,23.32,59.26,1037.55,1037.55
24.00,61.00,24.10,60.20,24.70,56.74,23.33,59.26,1037.55,1037.55
24.00,61.00,24.00,60.10,24.70,56.79,23.34,59.23,1037.55,1037.55
24.00,61.00,24.00,60.20,24.71,56.79,23.33,59.29,1037.55,1037.55
24.00,61.00,24.10,60.30,24.68,56.81,23.34,59.36,1037.55,1037.55
24.00,61.00,24.10,60.30,24.68,56.88,23.38,59.36,1037.55,1037.55
24.00,61.00,24.00,60.20,24.71,56.89,23.35,59.27,1037.55,1037.55
24.00,61.00,24.00,60.30,24.71,56.86,23.35,59.21,1037.55,1037.55
24.00,61.00,24.10,60.40,24.70,56.75,23.37,59.15,1037.55,1037.55
24.00,61.00,24.00,60.20,24.68,56.74,23.33,59.14,1037.55,1037.55
24.00,61.00,24.00,60.20,24.68,56.75,23.35,59.21,1037.55,1037.55
24.00,61.00,24.00,60.20,24.71,56.84,23.40,59.31,1037.55,1037.55
24.00,61.00,24.00,60.30,24.70,56.84,23.40,59.18,1037.55,1037.55
24.00,62.00,24.00,60.30,24.68,56.74,23.41,59.03,1037.55,1037.55
24.00,61.00,24.00,60.20,24.70,56.70,23.41,58.97,1037.55,1037.55
24.00,61.00,24.00,60.20,24.70,56.69,23.38,59.06,1037.55,1037.55
24.00,61.00,24.00,60.20,24.72,56.82,23.38,59.18,1037.55,1037.55
24.00,61.00,24.00,60.30,24.70,56.87,23.38,59.21,1037.55,1037.55
24.00,61.00,24.00,60.30,24.68,56.88,23.38,59.24,1037.55,1037.55
24.00,62.00,24.10,60.40,24.68,56.87,23.36,59.21,1037.55,1037.55
24.00,62.00,24.00,60.30,24.65,56.87,23.36,59.24,1037.55,1037.55
24.00,62.00,24.00,60.40,24.67,56.93,23.38,59.33,1037.55,1037.55
24.00,62.00,24.00,60.40,24.70,56.97,23.37,59.33,1037.55,1037.55
24.00,62.00,24.00,60.40,24.70,56.95,23.35,59.33,1037.55,1037.55
24.00,62.00,24.00,60.50,24.68,56.93,23.33,59.33,1037.55,1037.55
24.00,62.00,24.00,60.50,24.68,56.97,23.34,59.42,1037.55,1037.55
24.00,62.00,24.00,60.40,24.67,56.98,23.34,59.39,1037.55,1037.55
24.00,62.00,24.00,60.50,24.68,56.95,23.34,59.48,1037.55,1037.55
24.00,62.00,24.00,60.50,24.65,57.04,23.36,59.51,1037.55,1037.55
24.00,62.00,24.00,60.50,24.67,57.05,23.38,59.46,1037.55,1037.55
24.00,62.00,24.00,60.50,24.65,57.07,23.38,59.46,1037.55,1037.55
24.00,62.00,24.00,60.60,24.67,57.14,23.37,59.42,1037.55,1037.55
24.00,62.00,24.00,60.60,24.67,57.14,23.35,59.39,1037.55,1037.55
24.00,62.00,24.00,60.60,24.67,57.11,23.34,59.39,1037.55,1037.55
24.00,62.00,24.00,60.60,24.68,57.05,23.31,59.41,1037.55,1037.55
24.00,62.00,24.00,60.60,24.67,57.02,23.27,59.38,1037.55,1037.55
24.00,62.00,24.00,60.50,24.68,56.89,23.27,59.44,1037.55,1037.55
24.00,62.00,24.10,60.60,24.68,56.92,23.28,59.53,1037.55,1037.55
24.00,62.00,24.00,60.50,24.68,56.94,23.32,59.48,1037.55,1037.55
24.00,62.00,24.00,60.50,24.71,56.85,23.34,59.42,1037.55,1037.55
24.00,62.00,24.00,60.50,24.70,56.85,23.36,59.36,1037.55,1037.55
24.00,62.00,24.00,60.50,24.70,56.88,23.34,59.36,1037.55,1037.55
24.00,62.00,24.00,60.50,24.65,56.88,23.36,59.36,1037.55,1037.55
24.00,62.00,24.00,60.50,24.67,56.87,23.34,59.33,1037.55,1037.55
24.00,62.00,24.00,60.50,24.68,56.87,23.34,59.33,1037.55,1037.55
24.00,62.00,24.00,60.40,24.68,56.87,23.30,59.32,1037.55,1037.55
24.00,62.00,24.00,60.40,24.68,56.87,23.31,59.41,1037.55,1037.55
24.00,62.00,24.00,60.50,24.68,56.91,23.34,59.42,1037.55,1037.55
24.00,62.00,24.00,60.50,24.70,56.89,23.31,59.38,1037.55,1037.55
24.00,62.00,24.00,60.50,24.71,56.83,23.32,59.39,1037.55,1037.55
24.00,62.00,24.00,60.40,24.67,56.82,23.31,59.35,1037.55,1037.55
24.00,62.00,24.00,60.40,24.68,56.83,23.32,59.32,1037.55,1037.55
24.00,62.00,24.00,60.40,24.70,56.84,23.32,59.39,1037.55,1037.55
24.00,62.00,24.00,60.40,24.71,56.89,23.37,59.39,1037.55,1037.55
24.00,62.00,24.00,60.40,24.71,56.86,23.36,59.30,1037.55,1037.55
24.00,62.00,24.00,60.40,24.74,56.83,23.37,59.27,1037.55,1037.55
24.00,62.00,24.00,60.40,24.68,56.79,23.38,59.24,1037.55,1037.55
24.00,62.00,24.00,60.40,24.70,56.79,23.39,59.15,1037.55,1037.55
24.00,62.00,24.00,60.40,24.71,56.74,23.38,59.15,1037.55,1037.55
24.00,62.00,24.00,60.40,24.71,56.77,23.38,59.18,1037.55,1037.55
24.00,62.00,24.00,60.40,24.68,56.78,23.40,59.15,1037.55,1037.55
24.00,62.00,24.00,60.40,24.71,56.83,23.40,59.21,1037.55,1037.55
24.00,62.00,24.00,60.40,24.70,56.89,23.40,59.24,1037.55,1037.55
24.00,62.00,24.00,60.50,24.71,56.89,23.41,59.25,1037.55,1037.55
24.00,62.00,24.00,60.50,24.71,56.97,23.42,59.22,1037.55,1037.55
24.00,62.00,24.00,60.60,24.65,56.89,23.40,59.12,1037.55,1037.55
24.00,62.00,24.00,60.50,24.68,56.82,23.38,59.18,1037.55,1037.55
24.00,62.00,24.00,60.50,24.68,56.88,23.42,59.15,1037.55,1037.55
24.00,62.00,24.00,60.50,24.68,56.92,23.43,59.16,1037.55,1037.55
24.00,62.00,24.00,60.50,24.68,56.93,23.44,59.22,1037.55,1037.55
24.00,62.00,24.00,60.50,24.68,57.06,23.44,59.25,1037.55,1037.55
24.00,62.00,24.00,60.60,24.68,57.05,23.44,59.25,1037.55,1037.55
24.00,62.00,24.00,60.60,24.68,57.08,23.42,59.22,1037.55,1037.55
24.00,62.00,24.00,60.60,24.67,57.04,23.41,59.21,1037.55,1037.55
24.00,62.00,24.00,60.60,24.67,56.97,23.38,59.21,1037.55,1037.55
24.00,62.00,24.00,60.60,24.65,57.03,23.37,59.24,1037.55,1037.55
24.00,62.00,24.00,60.60,24.65,57.01,23.36,59.33,1037.55,1037.55
24.00,62.00,24.00,60.60,24.67,57.04,23.37,59.33,1037.55,1037.55
24.00,62.00,24.00,60.60,24.64,57.04,23.36,59.27,1037.55,1037.55
24.00,62.00,24.00,60.60,24.65,57.03,23.36,59.30,1037.55,1037.55
24.00,62.00,24.00,60.50,24.64,57.03,23.38,59.33,1037.55,1037.55
24.00,62.00,24.00,60.60,24.64,57.06,23.41,59.28,1037.55,1037.55
24.00,62.00,24.00,60.60,24.67,57.01,23.40,59.15,1037.55,1037.55
24.00,62.00,24.00,60.50,24.63,56.98,23.41,59.18,1037.55,1037.55
24.00,62.00,24.00,60.50,24.64,56.95,23.42,59.19,1037.55,1037.55
24.00,62.00,24.00,60.50,24.64,57.04,23.42,59.19,1037.55,1037.55
24.00,62.00,24.00,60.60,24.65,57.06,23.40,59.15,1037.55,1037.55
24.00,62.00,24.00,60.60,24.65,57.08,23.40,59.18,1037.55,1037.55
24.00,62.00,24.00,60.60,24.64,57.09,23.38,59.18,1037.55,1037.55
24.00,62.00,24.00,60.60,24.64,57.03,23.40,59.21,1037.55,1037.55
24.00,62.00,24.00,60.60,24.64,57.10,23.37,59.21,1037.55,1037.55
24.00,62.00,24.00,60.60,24.64,57.03,23.31,59.23,1037.55,1037.55
24.00,62.00,24.00,60.60,24.65,56.96,23.32,59.35,1037.55,1037.55
24.00,62.00,24.00,60.60,24.67,57.00,23.30,59.44,1037.55,1037.55
24.00,62.00,24.00,60.60,24.63,57.02,23.30,59.47,1037.55,1037.55
24.00,62.00,24.00,60.50,24.65,57.03,23.29,59.53,1037.55,1037.55
24.00,62.00,24.00,60.60,24.63,57.12,23.29,59.63,1037.55,1037.55
24.00,62.00,24.00,60.60,24.61,57.16,23.27,59.65,1037.55,1037.55
24.00,62.00,24.00,60.60,24.64,57.17,23.30,59.63,1037.55,1037.55
24.00,62.00,24.00,60.70,24.63,57.23,23.31,59.63,1037.55,1037.55
24.00,62.00,24.00,60.70,24.64,57.21,23.34,59.63,1037.55,1037.55
24.00,62.00,24.00,60.70,24.63,57.16,23.35,59.45,1037.55,1037.55
24.00,62.00,24.00,60.70,24.63,57.03,23.34,59.30,1037.55,1037.55
24.00,62.00,24.00,60.60,24.64,56.94,23.42,59.22,1037.55,1037.55
24.00,62.00,24.00,60.60,24.64,56.93,23.44,59.16,1037.55,1037.55
24.00,61.00,24.00,60.60,24.65,56.96,23.41,59.09,1037.55,1037.55
24.00,61.00,24.00,60.60,24.65,56.99,23.46,59.07,1037.55,1037.55
24.00,61.00,24.00,60.50,24.67,56.99,23.48,59.07,1037.55,1037.55
24.00,61.00,24.00,60.60,24.67,57.01,23.53,59.08,1037.55,1037.55
24.00,61.00,24.00,60.60,24.67,57.02,23.60,58.94,1037.55,1037.55
24.00,61.00,24.00,60.60,24.68,57.03,23.58,58.78,1037.55,1037.55
24.00,62.00,24.00,60.60,24.70,57.01,23.56,58.65,1037.55,1037.55
24.00,62.00,24.00,60.60,24.68,56.93,23.52,58.62,1037.55,1037.55
24.00,61.00,24.00,60.50,24.65,56.85,23.51,58.68,1037.55,1037.55
24.00,61.00,24.00,60.50,24.67,56.84,23.49,58.73,1037.55,1037.55
24.00,61.00,24.00,60.50,24.70,56.85,23.43,58.79,1037.55,1037.55
24.00,62.00,24.00,60.50,24.67,56.89,23.44,58.88,1037.55,1037.55
24.00,62.00,24.00,60.50,24.68,56.88,23.44,58.97,1037.55,1037.55
24.00,62.00,24.00,60.50,24.67,56.98,23.44,59.00,1037.55,1037.55
24.00,62.00,24.00,60.50,24.68,56.95,23.42,58.97,1037.55,1037.55
24.00,62.00,24.00,60.50,24.70,56.84,23.43,58.97,1037.55,1037.55
24.00,62.00,24.00,60.50,24.68,56.88,23.40,59.00,1037.55,1037.55
24.00,62.00,24.00,60.50,24.68,56.89,23.42,59.09,1037.55,1037.55
24.00,62.00,24.00,60.50,24.68,56.95,23.43,59.13,1037.55,1037.55
24.00,62.00,24.00,60.50,24.65,56.94,23.39,59.09,1037.55,1037.55
24.00,62.00,24.00,60.50,24.67,56.89,23.37,59.18,1037.55,1037.55
24.00,62.00,24.00,60.50,24.70,56.90,23.38,59.18,1037.55,1037.55
24.00,62.00,24.00,60.50,24.67,56.82,23.38,59.18,1037.55,1037.55
24.00,62.00,24.00,60.50,24.68,56.85,23.39,59.15,1037.55,1037.55
24.00,62.00,24.00,60.50,24.68,56.87,23.39,59.09,1037.55,1037.55
24.00,62.00,24.00,60.50,24.70,56.76,23.36,59.05,1037.55,1037.55
24.00,62.00,24.00,60.40,24.70,56.74,23.38,59.06,1037.55,1037.55
24.00,62.00,24.00,60.40,24.68,56.77,23.40,59.03,1037.55,1037.55
24.00,62.00,24.00,60.40,24.68,56.74,23.38,59.03,1037.55,1037.55
24.00,62.00,24.00,60.40,24.68,56.77,23.40,59.00,1037.55,1037.55
24.00,62.00,24.00,60.40,24.68,56.75,23.39,59.03,1037.55,1037.55
24.00,62.00,24.00,60.40,24.67,56.81,23.38,59.15,1037.55,1037.55
24.00,62.00,24.00,60.40,24.68,56.86,23.38,59.21,1037.55,1037.55
24.00,62.00,24.00,60.50,24.68,56.87,23.36,59.15,1037.55,1037.55
24.00,62.00,24.00,60.50,24.65,56.87,23.36,59.21,1037.55,1037.55
24.00,62.00,24.00,60.50,24.67,56.93,23.34,59.23,1037.55,1037.55
24.00,62.00,24.00,60.50,24.67,56.89,23.31,59.23,1037.55,1037.55
24.00,62.00,24.00,60.50,24.67,56.87,23.30,59.26,1037.55,1037.55
24.00,62.00,24.00,60.50,24.67,56.91,23.29,59.32,1037.55,1037.55
24.00,62.00,24.00,60.50,24.65,56.90,23.34,59.42,1037.55,1037.55
24.00,62.00,24.00,60.50,24.65,57.00,23.36,59.39,1037.55,1037.55
24.00,62.00,24.00,60.60,24.65,57.03,23.36,59.33,1037.55,1037.55
24.00,62.00,24.00,60.60,24.68,56.97,23.36,59.30,1037.55,1037.55
24.00,62.00,24.00,60.60,24.64,57.04,23.35,59.33,1037.55,1037.55
24.00,62.00,24.00,60.60,24.64,57.05,23.33,59.33,1037.55,1037.55
24.00,62.00,24.00,60.60,24.61,57.06,23.32,59.39,1037.55,1037.55
24.00,62.00,24.00,60.60,24.64,57.11,23.31,59.41,1037.55,1037.55
24.00,62.00,24.00,60.60,24.65,57.09,23.27,59.47,1037.55,1037.55
24.00,62.00,24.00,60.60,24.65,57.09,23.24,59.50,1037.55,1037.55
24.00,62.00,24.00,60.70,24.63,57.02,23.22,59.58,1037.55,1037.55
24.00,62.00,24.00,60.60,24.63,57.04,23.23,59.62,1037.55,1037.55
24.00,62.00,24.00,60.60,24.63,57.04,23.23,59.62,1037.55,1037.55
24.00,62.00,24.00,60.60,24.63,57.06,23.20,59.67,1037.55,1037.55
24.00,62.00,24.00,60.60,24.63,57.10,23.22,59.77,1037.55,1037.55
24.00,62.00,24.00,60.60,24.67,57.13,23.27,59.87,1037.55,1037.55
24.00,62.00,24.00,60.70,24.65,57.16,23.28,59.75,1037.55,1037.55
24.00,62.00,24.00,60.70,24.68,57.11,23.29,59.63,1037.55,1037.55
24.00,62.00,24.00,60.70,24.67,57.04,23.28,59.50,1037.55,1037.55
24.00,62.00,24.00,60.60,24.64,56.98,23.36,59.45,1037.55,1037.55
24.00,62.00,24.00,60.60,24.65,56.94,23.36,59.33,1037.55,1037.55
24.00,62.00,24.00,60.60,24.65,56.95,23.39,59.27,1037.55,1037.55
24.00,62.00,24.00,60.60,24.67,56.98,23.38,59.24,1037.55,1037.55
24.00,62.00,24.00,60.60,24.67,57.00,23.37,59.24,1037.55,1037.55
24.00,62.00,24.00,60.60,24.63,57.00,23.36,59.24,1037.55,1037.55
24.00,62.00,24.00,60.60,24.64,56.96,23.38,59.24,1037.55,1037.55
24.00,62.00,24.00,60.60,24.63,56.94,23.38,59.18,1037.55,1037.55
24.00,62.00,24.00,60.60,24.65,57.00,23.39,59.15,1037.55,1037.55
24.00,62.00,24.00,60.50,24.63,57.00,23.37,59.18,1037.55,1037.55
24.00,62.00,24.00,60.60,24.64,57.04,23.36,59.24,1037.55,1037.55
24.00,62.00,24.00,60.60,24.63,57.12,23.37,59.30,1037.55,1037.55
24.00,62.00,24.00,60.60,24.61,57.11,23.36,59.27,1037.55,1037.55
24.00,62.00,24.00,60.60,24.63,57.06,23.36,59.27,1037.55,1037.55
24.00,62.00,24.00,60.60,24.61,57.07,23.36,59.30,1037.55,1037.55
24.00,62.00,24.00,60.60,24.63,57.06,23.33,59.36,1037.55,1037.55
24.00,62.00,24.00,60.60,24.63,57.10,23.33,59.39,1037.55,1037.55
24.00,62.00,24.00,60.60,24.63,57.16,23.35,59.45,1037.55,1037.55
24.00,62.00,24.00,60.70,24.61,57.15,23.32,59.48,1037.55,1037.55
24.00,62.00,24.00,60.70,24.63,57.15,23.32,59.51,1037.55,1037.55
24.00,62.00,24.00,60.70,24.61,57.15,23.30,59.44,1037.55,1037.55
24.00,62.00,24.00,60.70,24.63,57.10,23.28,59.47,1037.55,1037.55
24.00,62.00,24.00,60.70,24.58,57.09,23.30,59.54,1037.55,1037.55
24.00,62.00,24.00,60.60,24.61,57.19,23.29,59.57,1037.55,1037.55
24.00,62.00,24.00,60.70,24.58,57.20,23.28,59.56,1037.55,1037.55
24.00,62.00,24.00,60.70,24.61,57.12,23.28,59.53,1037.55,1037.55
24.00,62.00,24.00,60.60,24.58,57.13,23.29,59.47,1037.55,1037.55
24.00,62.00,24.00,60.60,24.58,57.07,23.31,59.45,1037.55,1037.55
24.00,62.00,24.00,60.60,24.60,57.08,23.26,59.44,1037.55,1037.55
24.00,62.00,24.00,60.60,24.64,57.02,23.28,59.44,1037.55,1037.55
24.00,62.00,24.00,60.60,24.63,57.07,23.32,59.45,1037.55,1037.55
24.00,62.00,24.00,60.60,24.63,57.09,23.29,59.47,1037.55,1037.55
24.00,62.00,24.00,60.60,24.58,57.11,23.30,59.51,1037.55,1037.55
24.00,62.00,24.00,60.60,24.60,57.10,23.29,59.50,1037.55,1037.55
24.00,62.00,24.00,60.60,24.61,57.15,23.29,59.53,1037.55,1037.55
24.00,62.00,24.00,60.60,24.61,57.20,23.27,59.53,1037.55,1037.55
24.00,62.00,24.00,60.60,24.61,57.15,23.29,59.53,1037.55,1037.55
24.00,62.00,24.00,60.70,24.60,57.08,23.28,59.47,1037.55,1037.55
24.00,62.00,24.00,60.60,24.61,57.05,23.31,59.48,1037.55,1037.55
24.00,62.00,24.00,60.60,24.61,57.09,23.32,59.45,1037.55,1037.55
24.00,62.00,24.00,60.60,24.63,57.10,23.30,59.44,1037.55,1037.55
24.00,62.00,24.00,60.60,24.58,57.10,23.28,59.44,1037.55,1037.55
24.00,62.00,24.00,60.60,24.60,57.10,23.26,59.47,1037.55,1037.55
24.00,62.00,24.00,60.60,24.58,57.10,23.31,59.51,1037.55,1037.55
24.00,62.00,24.00,60.60,24.61,57.14,23.33,59.51,1037.55,1037.55
24.00,62.00,24.00,60.70,24.60,57.21,23.35,59.54,1037.55,1037.55
24.00,62.00,24.00,60.70,24.60,57.21,23.37,59.58,1037.55,1037.55
24.00,62.00,24.00,60.80,24.63,57.23,23.41,59.49,1037.55,1037.55
24.00,62.00,24.00,60.80,24.61,57.25,23.43,59.43,1037.55,1037.55
24.00,62.00,24.00,60.80,24.61,57.16,23.40,59.24,1037.55,1037.55
24.00,62.00,24.00,60.80,24.63,57.15,23.36,59.18,1037.55,1037.55
24.00,62.00,24.00,60.80,24.61,57.07,23.35,59.17,1037.55,1037.55
24.00,62.00,24.00,60.70,24.63,57.00,23.40,59.12,1037.55,1037.55
24.00,62.00,24.00,60.70,24.61,56.95,23.36,59.11,1037.55,1037.55
24.00,62.00,24.00,60.70,24.64,56.97,23.37,59.12,1037.55,1037.55
24.00,62.00,24.00,60.60,24.63,56.98,23.41,59.18,1037.55,1037.55
24.00,62.00,24.00,60.70,24.65,57.01,23.44,59.25,1037.55,1037.55
24.00,62.00,24.00,60.70,24.63,57.09,23.49,59.23,1037.55,1037.55
24.00,62.00,24.00,60.80,24.65,57.11,23.55,59.14,1037.55,1037.55
24.00,62.00,23.90,60.70,24.64,57.09,23.56,58.90,1037.55,1037.55
24.00,62.00,24.00,60.80,24.65,56.96,23.54,58.68,1037.55,1037.55
24.00,62.00,24.00,60.70,24.65,56.94,23.54,58.68,1037.55,1037.55
24.00,62.00,24.00,60.70,24.65,56.89,23.50,58.67,1037.55,1037.55
24.00,62.00,24.00,60.70,24.64,56.92,23.48,58.64,1037.55,1037.55
24.00,62.00,24.00,60.60,24.64,56.92,23.47,58.70,1037.55,1037.55
24.00,62.00,24.00,60.60,24.61,56.98,23.44,58.79,1037.55,1037.55
24.00,62.00,24.00,60.60,24.63,56.94,23.42,58.88,1037.55,1037.55
24.00,62.00,24.00,60.60,24.63,56.97,23.42,58.91,1037.55,1037.55
24.00,62.00,24.00,60.60,24.65,57.02,23.40,58.97,1037.55,1037.55
24.00,62.00,24.00,60.60,24.60,57.04,23.41,59.09,1037.55,1037.55
24.00,62.00,24.00,60.60,24.64,57.06,23.38,59.12,1037.55,1037.55
24.00,62.00,24.00,60.60,24.63,57.01,23.35,59.11,1037.55,1037.55
24.00,62.00,24.00,60.60,24.67,56.97,23.34,59.14,1037.55,1037.55
24.00,62.00,24.00,60.60,24.64,56.91,23.31,59.17,1037.55,1037.55
24.00,62.00,24.00,60.60,24.65,56.89,23.33,59.26,1037.55,1037.55
24.00,62.00,24.00,60.60,24.65,56.91,23.34,59.27,1037.55,1037.55
24.00,62.00,24.00,60.60,24.67,56.88,23.30,59.23,1037.55,1037.55
24.00,62.00,23.90,60.50,24.67,56.86,23.32,59.23,1037.55,1037.55
24.00,62.00,24.00,60.60,24.67,56.84,23.30,59.26,1037.55,1037.55
24.00,62.00,23.90,60.50,24.65,56.86,23.30,59.23,1037.55,1037.55
24.00,62.00,24.00,60.50,24.65,56.86,23.32,59.26,1037.55,1037.55
24.00,62.00,23.90,60.40,24.65,56.83,23.32,59.32,1037.55,1037.55
24.00,62.00,23.90,60.50,24.63,56.86,23.30,59.32,1037.55,1037.55
24.00,62.00,23.90,60.50,24.63,56.92,23.28,59.38,1037.55,1037.55
24.00,62.00,23.90,60.50,24.64,56.93,23.31,59.45,1037.55,1037.55
24.00,62.00,23.90,60.50,24.64,56.95,23.30,59.38,1037.55,1037.55
24.00,62.00,23.90,60.60,24.60,56.92,23.31,59.41,1037.55,1037.55
24.00,62.00,23.90,60.60,24.63,56.98,23.32,59.42,1037.55,1037.55
24.00,62.00,23.90,60.60,24.60,56.95,23.34,59.36,1037.55,1037.55
24.00,62.00,23.90,60.60,24.61,57.04,23.34,59.33,1037.55,1037.55
24.00,62.00,23.90,60.60,24.63,57.06,23.33,59.39,1037.55,1037.55
24.00,62.00,23.90,60.70,24.64,57.14,23.34,59.42,1037.55,1037.55
24.00,62.00,23.90,60.70,24.61,57.12,23.32,59.39,1037.55,1037.55
24.00,62.00,23.90,60.70,24.63,57.03,23.34,59.36,1037.55,1037.55
24.00,62.00,23.90,60.70,24.63,57.01,23.32,59.35,1037.55,1037.55
24.00,62.00,23.90,60.70,24.64,57.00,23.32,59.35,1037.55,1037.55
24.00,62.00,23.90,60.70,24.65,57.01,23.31,59.38,1037.55,1037.55
24.00,62.00,23.90,60.70,24.65,57.01,23.30,59.47,1037.55,1037.55
24.00,62.00,23.90,60.70,24.63,57.04,23.28,59.47,1037.55,1037.55
24.00,62.00,23.90,60.70,24.63,56.97,23.25,59.44,1037.55,1037.55
24.00,62.00,23.90,60.70,24.64,56.90,23.26,59.41,1037.55,1037.55
24.00,62.00,23.90,60.60,24.63,56.92,23.28,59.44,1037.55,1037.55
24.00,62.00,23.90,60.60,24.61,56.98,23.29,59.44,1037.55,1037.55
24.00,62.00,23.90,60.60,24.64,56.97,23.26,59.47,1037.55,1037.55
24.00,62.00,23.90,60.70,24.64,57.02,23.26,59.50,1037.55,1037.55
24.00,62.00,23.90,60.70,24.63,57.00,23.26,59.59,1037.55,1037.55
24.00,62.00,23.90,60.70,24.63,56.98,23.28,59.56,1037.55,1037.55
24.00,62.00,23.90,60.70,24.63,57.00,23.29,59.50,1037.55,1037.55
24.00,62.00,23.90,60.70,24.61,56.97,23.33,59.48,1037.55,1037.55
24.00,62.00,23.90,60.70,24.61,57.05,23.34,59.39,1037.55,1037.55
24.00,62.00,23.90,60.70,24.61,57.01,23.32,59.39,1037.55,1037.55
24.00,62.00,23.90,60.70,24.63,57.06,23.33,59.42,1037.55,1037.55
24.00,62.00,23.90,60.70,24.63,57.02,23.36,59.42,1037.55,1037.55
24.00,62.00,23.90,60.70,24.61,57.03,23.34,59.36,1037.55,1037.55
24.00,62.00,23.90,60.70,24.58,57.02,23.32,59.39,1037.55,1037.55
24.00,62.00,23.90,60.70,24.60,57.07,23.30,59.47,1037.55,1037.55
24.00,62.00,23.90,60.80,24.58,57.13,23.28,59.47,1037.55,1037.55
24.00,62.00,23.90,60.80,24.58,57.15,23.25,59.53,1037.55,1037.55
24.00,62.00,23.90,60.80,24.57,57.18,23.25,59.65,1037.55,1037.55
24.00,62.00,23.90,60.80,24.58,57.28,23.25,59.74,1037.55,1037.55
24.00,62.00,23.90,60.90,24.58,57.34,23.25,59.74,1037.55,1037.55
24.00,62.00,23.90,60.90,24.58,57.33,23.25,59.71,1037.55,1037.55
24.00,62.00,23.90,60.90,24.58,57.23,23.23,59.62,1037.55,1037.55
24.00,62.00,23.90,60.80,24.58,57.18,23.22,59.62,1037.55,1037.55
24.00,62.00,23.90,60.80,24.57,57.16,23.22,59.74,1037.55,1037.55
24.00,62.00,23.90,60.80,24.57,57.18,23.21,59.68,1037.55,1037.55
24.00,62.00,23.90,60.80,24.60,57.13,23.22,59.68,1037.55,1037.55
24.00,62.00,23.90,60.80,24.60,57.13,23.23,59.68,1037.55,1037.55
24.00,62.00,23.90,60.80,24.61,57.12,23.26,59.59,1037.55,1037.55
24.00,62.00,23.90,60.80,24.60,57.05,23.30,59.54,1037.55,1037.55
24.00,62.00,23.90,60.70,24.60,57.12,23.30,59.51,1037.55,1037.55
24.00,62.00,23.90,60.70,24.61,57.10,23.30,59.47,1037.55,1037.55
24.00,62.00,23.90,60.80,24.60,57.07,23.31,59.48,1037.55,1037.55
24.00,62.00,23.90,60.80,24.60,57.10,23.28,59.47,1037.55,1037.55
24.00,62.00,23.90,60.80,24.60,57.09,23.28,59.50,1037.55,1037.55
24.00,62.00,23.90,60.80,24.58,57.08,23.30,59.54,1037.55,1037.55
24.00,62.00,23.90,60.80,24.61,57.09,23.28,59.50,1037.55,1037.55
24.00,62.00,23.90,60.80,24.60,57.06,23.26,59.53,1037.55,1037.55
24.00,62.00,23.90,60.80,24.61,57.08,23.26,59.59,1037.55,1037.55
24.00,62.00,23.90,60.80,24.60,57.15,23.25,59.62,1037.55,1037.55
24.00,62.00,23.90,60.80,24.57,57.15,23.25,59.65,1037.55,1037.55
24.00,62.00,23.90,60.80,24.60,57.16,23.28,59.62,1037.55,1037.55
24.00,62.00,23.90,60.90,24.60,57.24,23.31,59.57,1037.55,1037.55
24.00,62.00,23.90,60.80,24.58,57.18,23.30,59.51,1037.55,1037.55
24.00,62.00,23.90,60.80,24.58,57.16,23.29,59.47,1037.55,1037.55
24.00,62.00,23.90,60.80,24.57,57.15,23.30,59.54,1037.55,1037.55
24.00,62.00,23.90,60.80,24.57,57.17,23.28,59.59,1037.55,1037.55
24.00,62.00,23.90,60.80,24.56,57.24,23.22,59.62,1037.55,1037.55
24.00,62.00,23.90,60.80,24.53,57.27,23.22,59.71,1037.55,1037.55
24.00,62.00,23.90,60.80,24.54,57.31,23.24,59.80,1037.55,1037.55
24.00,62.00,23.90,60.90,24.56,57.35,23.25,59.77,1037.55,1037.55
24.00,62.00,23.90,60.90,24.57,57.35,23.22,59.74,1037.55,1037.55
24.00,62.00,23.90,60.90,24.56,57.35,23.24,59.80,1037.55,1037.55
24.00,62.00,23.90,60.90,24.57,57.39,23.23,59.80,1037.55,1037.55
24.00,62.00,23.90,60.90,24.56,57.35,23.22,59.83,1037.55,1037.55
24.00,62.00,23.90,60.90,24.56,57.44,23.22,59.89,1037.55,1037.55
24.00,62.00,23.90,60.90,24.54,57.43,23.23,59.89,1037.55,1037.55
24.00,62.00,23.90,60.90,24.54,57.40,23.20,59.83,1037.55,1037.55
24.00,62.00,23.90,60.90,24.53,57.35,23.20,59.86,1037.55,1037.55
24.00,62.00,23.90,60.90,24.53,57.39,23.18,59.89,1037.55,1037.55
24.00,62.00,23.90,60.90,24.56,57.39,23.17,59.91,1037.55,1037.55
24.00,62.00,23.90,60.90,24.53,57.38,23.18,59.95,1037.55,1037.55
24.00,62.00,23.90,60.90,24.54,57.39,23.17,59.98,1037.55,1037.55
24.00,62.00,23.90,60.90,24.54,57.41,23.18,60.01,1037.55,1037.55
24.00,62.00,23.90,60.90,24.54,57.39,23.18,60.01,1037.55,1037.55
24.00,62.00,23.90,60.90,24.56,57.36,23.18,60.04,1037.55,1037.55
24.00,62.00,23.90,60.90,24.53,57.39,23.20,60.01,1037.55,1037.55
24.00,62.00,23.90,60.90,24.58,57.38,23.18,59.95,1037.55,1037.55
24.00,62.00,23.90,60.90,24.54,57.34,23.16,59.94,1037.55,1037.55
24.00,62.00,23.90,60.90,24.57,57.36,23.22,59.98,1037.55,1037.55
24.00,62.00,23.90,61.00,24.57,57.33,23.22,59.92,1037.55,1037.55
24.00,62.00,23.90,60.90,24.56,57.33,23.23,59.89,1037.55,1037.55
24.00,62.00,23.90,60.90,24.54,57.38,23.24,59.89,1037.55,1037.55
24.00,62.00,23.90,60.90,24.54,57.33,23.22,59.80,1037.55,1037.55
24.00,62.00,23.90,60.90,24.54,57.29,23.21,59.80,1037.55,1037.55
24.00,62.00,23.90,60.90,24.53,57.35,23.19,59.83,1037.55,1037.55
24.00,62.00,23.90,60.90,24.54,57.36,23.19,59.92,1037.55,1037.55
24.00,62.00,23.90,60.90,24.54,57.35,23.15,59.88,1037.55,1037.55
24.00,62.00,23.90,60.90,24.54,57.33,23.18,59.95,1037.55,1037.55
24.00,62.00,23.90,60.90,24.56,57.41,23.20,59.95,1037.55,1037.55
24.00,62.00,23.90,60.90,24.54,57.36,23.19,59.95,1037.55,1037.55
24.00,62.00,23.90,60.90,24.53,57.42,23.19,59.95,1037.55,1037.55
24.00,62.00,23.90,60.90,24.50,57.43,23.19,59.95,1037.55,1037.55
24.00,62.00,23.90,61.00,24.51,57.46,23.16,59.97,1037.55,1037.55
24.00,62.00,23.90,60.90,24.53,57.45,23.16,59.97,1037.55,1037.55
24.00,62.00,23.90,60.90,24.54,57.43,23.16,60.04,1037.55,1037.55
24.00,62.00,23.90,60.90,24.53,57.43,23.15,60.06,1037.55,1037.55
24.00,62.00,23.90,61.00,24.53,57.43,23.16,60.04,1037.55,1037.55
24.00,62.00,23.90,60.90,24.53,57.41,23.15,60.03,1037.55,1037.55
24.00,62.00,23.90,61.00,24.51,57.48,23.18,60.13,1037.55,1037.55
24.00,62.00,23.90,61.00,24.48,57.49,23.17,60.07,1037.55,1037.55
24.00,62.00,23.90,61.00,24.53,57.52,23.19,60.07,1037.55,1037.55
24.00,62.00,23.90,61.00,24.53,57.53,23.17,59.95,1037.55,1037.55
24.00,62.00,23.90,61.00,24.48,57.43,23.18,59.92,1037.55,1037.55
24.00,62.00,23.90,60.90,24.50,57.43,23.18,59.92,1037.55,1037.55
24.00,62.00,23.90,60.90,24.51,57.38,23.17,59.91,1037.55,1037.55
24.00,62.00,23.90,60.90,24.51,57.40,23.15,59.88,1037.55,1037.55
24.00,62.00,23.90,60.90,24.48,57.33,23.14,59.91,1037.55,1037.55
24.00,62.00,23.90,60.90,24.51,57.41,23.14,60.00,1037.55,1037.55
24.00,62.00,23.90,60.90,24.50,57.51,23.14,60.03,1037.55,1037.55
24.00,62.00,23.90,60.90,24.51,57.39,23.18,60.04,1037.55,1037.55
24.00,62.00,23.90,60.90,24.50,57.37,23.17,59.95,1037.55,1037.55
24.00,62.00,23.90,60.90,24.50,57.42,23.18,59.98,1037.55,1037.55
24.00,62.00,23.90,61.00,24.51,57.43,23.27,59.99,1037.55,1037.55
24.00,62.00,23.90,61.00,24.54,57.45,23.35,59.88,1037.55,1037.55
24.00,62.00,23.90,61.10,24.53,57.45,23.37,59.70,1037.55,1037.55
24.00,62.00,23.90,61.10,24.54,57.35,23.37,59.52,1037.55,1037.55
24.00,62.00,23.90,61.00,24.54,57.34,23.35,59.36,1037.55,1037.55
24.00,62.00,23.90,61.00,24.56,57.28,23.28,59.32,1037.55,1037.55
24.00,62.00,23.90,60.90,24.56,57.22,23.26,59.38,1037.55,1037.55
24.00,62.00,23.90,60.90,24.54,57.22,23.28,59.44,1037.55,1037.55
24.00,62.00,23.90,60.90,24.56,57.26,23.33,59.48,1037.55,1037.55
24.00,62.00,23.90,60.90,24.56,57.31,23.41,59.46,1037.55,1037.55
24.00,62.00,23.90,60.90,24.58,57.29,23.46,59.47,1037.55,1037.55
24.00,62.00,23.90,61.00,24.56,57.35,23.50,59.41,1037.55,1037.55
24.00,62.00,23.90,61.10,24.57,57.36,23.59,59.27,1037.55,1037.55
24.00,62.00,23.90,61.20,24.57,57.43,23.62,58.91,1037.55,1037.55
24.00,62.00,23.90,61.10,24.60,57.28,23.52,58.71,1037.55,1037.55
24.00,62.00,23.90,61.00,24.57,57.14,23.46,58.70,1037.55,1037.55
24.00,62.00,23.90,60.90,24.57,57.13,23.43,58.79,1037.55,1037.55
24.00,62.00,23.90,60.90,24.57,57.11,23.45,58.88,1037.55,1037.55
24.00,62.00,23.90,60.90,24.56,57.11,23.38,58.93,1037.55,1037.55
24.00,62.00,23.90,60.90,24.56,57.09,23.36,59.08,1037.55,1037.55
24.00,62.00,23.90,60.80,24.57,57.12,23.39,59.12,1037.55,1037.55
24.00,62.00,23.90,60.80,24.60,57.13,23.38,59.09,1037.55,1037.55
24.00,62.00,23.90,60.80,24.60,57.18,23.35,59.14,1037.55,1037.55
24.00,62.00,23.90,60.90,24.58,57.20,23.36,59.24,1037.55,1037.55
24.00,62.00,23.90,60.90,24.57,57.23,23.34,59.33,1037.55,1037.55
24.00,62.00,23.90,60.90,24.57,57.25,23.35,59.36,1037.55,1037.55
24.00,62.00,23.90,60.90,24.58,57.26,23.40,59.40,1037.55,1037.55
24.00,62.00,23.80,60.80,24.57,57.25,23.38,59.27,1037.55,1037.55
24.00,62.00,23.90,60.90,24.57,57.19,23.36,59.21,1037.55,1037.55
24.00,62.00,23.80,60.80,24.58,57.16,23.35,59.17,1037.55,1037.55
24.00,62.00,23.80,60.80,24.56,57.13,23.34,59.20,1037.55,1037.55
24.00,62.00,23.80,60.70,24.56,57.18,23.33,59.29,1037.55,1037.55
24.00,62.00,23.80,60.70,24.58,57.20,23.30,59.35,1037.55,1037.55
24.00,62.00,23.90,60.80,24.56,57.19,23.33,59.39,1037.55,1037.55
24.00,62.00,23.90,60.90,24.57,57.21,23.31,59.38,1037.55,1037.55
24.00,62.00,23.90,60.90,24.56,57.26,23.30,59.41,1037.55,1037.55
24.00,62.00,23.90,60.90,24.54,57.27,23.30,59.44,1037.55,1037.55
24.00,62.00,23.90,60.90,24.53,57.33,23.27,59.47,1037.55,1037.55
24.00,62.00,23.90,60.90,24.53,57.33,23.28,59.50,1037.55,1037.55
24.00,62.00,23.90,60.90,24.54,57.28,23.34,59.51,1037.55,1037.55
24.00,62.00,23.90,60.90,24.56,57.36,23.34,59.42,1037.55,1037.55
24.00,62.00,23.90,60.90,24.56,57.28,23.35,59.39,1037.55,1037.55
24.00,62.00,23.90,60.90,24.56,57.30,23.34,59.36,1037.55,1037.55
24.00,62.00,23.90,60.90,24.54,57.29,23.33,59.33,1037.55,1037.55
24.00,62.00,23.90,60.90,24.54,57.32,23.32,59.39,1037.55,1037.55
24.00,62.00,23.90,60.90,24.54,57.33,23.32,59.42,1037.55,1037.55
24.00,62.00,23.90,60.90,24.51,57.38,23.29,59.50,1037.55,1037.55
24.00,62.00,23.90,60.90,24.54,57.38,23.28,59.56,1037.55,1037.55
24.00,62.00,23.90,60.90,24.54,57.39,23.27,59.62,1037.55,1037.55
24.00,62.00,23.90,61.00,24.54,57.46,23.26,59.65,1037.55,1037.55
24.00,62.00,23.90,61.00,24.54,57.44,23.26,59.68,1037.55,1037.55
24.00,62.00,23.90,61.00,24.50,57.54,23.25,59.71,1037.55,1037.55
24.00,62.00,23.90,61.00,24.51,57.52,23.21,59.74,1037.55,1037.55
24.00,62.00,23.90,61.00,24.48,57.51,23.22,59.80,1037.55,1037.55
24.00,62.00,23.90,61.00,24.51,57.49,23.24,59.83,1037.55,1037.55
24.00,62.00,23.90,61.00,24.53,57.53,23.28,59.87,1037.55,1037.55
24.00,62.00,23.90,61.10,24.53,57.54,23.36,59.88,1037.55,1037.55
24.00,62.00,23.90,61.10,24.53,57.66,23.39,59.83,1037.55,1037.55
24.00,62.00,23.90,61.20,24.53,57.72,23.41,59.71,1037.55,1037.55
24.00,62.00,23.90,61.30,24.53,57.75,23.42,59.65,1037.55,1037.55
24.00,62.00,23.90,61.30,24.53,57.70,23.44,59.56,1037.55,1037.55
24.00,62.00,23.90,61.30,24.53,57.74,23.45,59.50,1037.55,1037.55
24.00,62.00,23.90,61.30,24.53,57.74,23.48,59.47,1037.55,1037.55
24.00,62.00,23.90,61.30,24.54,57.76,23.51,59.48,1037.55,1037.55
24.00,62.00,23.90,61.40,24.54,57.79,23.51,59.42,1037.55,1037.55
24.00,62.00,23.90,61.40,24.53,57.75,23.56,59.33,1037.55,1037.55
24.00,62.00,23.90,61.40,24.56,57.71,23.61,59.12,1037.55,1037.55
24.00,62.00,23.90,61.40,24.58,57.65,23.74,59.05,1037.55,1037.55
24.00,62.00,23.90,61.40,24.57,57.90,23.75,58.74,1037.55,1037.55
24.00,62.00,23.90,62.00,24.58,57.58,23.76,58.53,1037.55,1037.55
24.00,62.00,23.90,61.80,24.63,57.50,23.85,58.42,1037.55,1037.55
24.00,62.00,23.90,61.70,24.61,57.42,23.78,58.22,1037.55,1037.55
24.00,62.00,24.00,61.60,24.61,57.32,23.78,58.19,1037.55,1037.55
24.00,62.00,24.00,61.50,24.61,57.26,23.72,58.12,1037.55,1037.55
24.00,62.00,24.00,61.30,24.61,57.17,23.70,58.12,1037.55,1037.55
24.00,62.00,24.00,61.10,24.63,57.07,23.63,58.17,1037.55,1037.55
24.00,62.00,24.00,61.00,24.63,57.06,23.56,58.28,1037.55,1037.55
24.00,62.00,24.00,60.90,24.60,57.08,23.54,58.62,1037.55,1037.55
24.00,62.00,24.00,60.80,24.63,57.21,23.52,58.80,1037.55,1037.55
24.00,62.00,24.00,60.90,24.61,57.25,23.53,58.93,1037.55,1037.55
24.00,62.00,24.00,60.90,24.63,57.33,23.47,59.07,1037.55,1037.55
24.00,62.00,24.00,60.90,24.64,57.36,23.54,59.20,1037.55,1037.55
24.00,62.00,24.00,61.00,24.64,57.52,23.58,59.43,1037.55,1037.55
